object_id,place_name,place_type,coordinates
en-BI-B-FM-035-5,Beurs van Hendrik de Keyser,state,"52.375208,4.896101"
en-BI-B-FM-035-7,Beurs van Hendrik de Keyser,state,"52.375208,4.896101"
en-BI-B-FM-076-7,Beurs van Hendrik de Keyser,state,"52.375208,4.896101"
en-BI-B-FM-077-7,Beurs van Hendrik de Keyser,state,"52.375208,4.896101"
en-BI-B-FM-077-8,Beurs van Hendrik de Keyser,state,"52.375208,4.896101"
en-BI-B-FM-090-220,Swygh Utrecht,military,"52.368196,4.895756"
en-BK-1961-51,Koninklijk Paleis,state,"52.373152,4.89139"
en-KOG-MP-2-0025,Stadhuis,state,"52.373056,4.891389"
en-NG-VG-1-2166,Maagdenhuis,hospital,"52.368611,4.89"
en-NG-VG-7-56,Hortus Medicus,public,"52.36406257,4.898437683"
en-NG-VG-7-58,Hortus Medicus,public,"52.36406257,4.898437683"
en-NG-VG-7-60,Hortus Medicus,public,"52.36406257,4.898437683"
en-RP-P-1878-A-1494,Stadhuis op de Dam,state,"52.373152,4.89139"
en-RP-P-1878-A-1815,Oost-Indisch Huis,commerce,"52.371133,4.898119"
en-RP-P-1878-A-2314,Stadhuis op de Dam,state,"52.373152,4.89139"
en-RP-P-1878-A-2400,Nieuwe Kerk,church,"52.373929,4.891801"
en-RP-P-1878-A-524,Noorderkerk,church,"52.37977,4.886132"
en-RP-P-1878-A-525,Noorderkerk,church,"52.37977,4.886132"
en-RP-P-1878-A-647,Oude Stadhuis,state,"52.373152,4.89139"
en-RP-P-1879-A-3647,Nieuwe Lutherse Kerk,church,"52.368243,4.889075"
en-RP-P-1879-A-3654,Oude Lutherse Kerk,church,"52.368056,4.889167"
en-RP-P-1880-A-3835,Karthuizerklooster,church,"52.378303,4.883052"
en-RP-P-1880-A-3836,Oude Kerk,church,"52.374367,4.898207"
en-RP-P-1880-A-3837,Nieuwe Kerk,church,"52.373929,4.891801"
en-RP-P-1880-A-3843,Oude Stadhuis,state,"52.373152,4.89139"
en-RP-P-1880-A-3845,Beurs van Hendrik de Keyser,state,"52.375208,4.896101"
en-RP-P-1880-A-3847,Oost-Indisch Huis,commerce,"52.371133,4.898119"
en-RP-P-1884-A-7655,Oude Stadhuis,state,"52.373152,4.89139"
en-RP-P-1884-A-8070,Zeerecht,canal,"52.378333,4.9"
en-RP-P-1885-A-8852,Oude Kerk,church,"52.374367,4.898207"
en-RP-P-1885-A-8931,Koninklijk Paleis,state,"52.373152,4.89139"
en-RP-P-1885-A-9368,Sloten,street,"52.37977,4.886132"
en-RP-P-1888-A-12755,"Omval, De",public,"52.336341,4.91903"
en-RP-P-1890-A-16093,Stadhuis op de Dam,state,"52.373152,4.89139"
en-RP-P-1891-A-16548,Geldersekade,street,"52.37362,4.90135"
en-RP-P-1892-A-17494,Oude Kerk,church,"52.374367,4.898207"
en-RP-P-1894-A-18496,Burgerweeshuis,hospital,"52.370422,4.890589"
en-RP-P-1896-A-19210,Oude Lutherse Kerk,church,"52.368056,4.889167"
en-RP-P-1896-A-19368-401,Dam,public,"52.372934,4.893193"
en-RP-P-1896-A-19368-55,Dam,public,"52.372934,4.893193"
en-RP-P-1903-A-24016,Sloten,street,"52.37977,4.886132"
en-RP-P-1903-A-24101,Nieuwe Kerk,church,"52.373929,4.891801"
en-RP-P-1903-A-24102,Zuiderkerk,church,"52.370145,4.899846"
en-RP-P-1903-A-24106,Stadhuis op de Dam,state,"52.373152,4.89139"
en-RP-P-1903-A-24107,Stadhuis op de Dam,state,"52.373152,4.89139"
en-RP-P-1903-A-24108,Stadhuis op de Dam,state,"52.373152,4.89139"
en-RP-P-1903-A-24110,Stadhuis op de Dam,state,"52.373152,4.89139"
en-RP-P-1904-1344,Oude Kerk,church,"52.374367,4.898207"
en-RP-P-1904-1345,Beurs van Hendrik de Keyser,state,"52.375208,4.896101"
en-RP-P-1904-1346,Nieuwe Kerk,church,"52.373929,4.891801"
en-RP-P-1904-1349,Nieuwezijds Kapel,church,"52.370227,4.891862"
en-RP-P-1904-717,"Omval, De",public,"52.336341,4.91903"
en-RP-P-1905-2858,Nieuwmarkt,public,"52.372239,4.899471"
en-RP-P-1905-2860,Botermarkt,commerce,"52.366406,4.896418"
en-RP-P-1905-288,Oudezijds Huiszittenhuis,hospital,"52.3675,4.903333"
en-RP-P-1905-3139,Nieuwe Kerk,church,"52.373929,4.891801"
en-RP-P-1905-322,Admiraliteitsmagazijn,military,"52.371694,4.914866"
en-RP-P-1905-323,Nieuwe Brug,bridge,"52.376881,4.898897"
en-RP-P-1905-4031,Westerkerk,church,"52.374534,4.88397"
en-RP-P-1905-4061,Rokin,street,"52.370741,4.892639"
en-RP-P-1905-449,Noorderkerk,church,"52.37977,4.886132"
en-RP-P-1905-450,Regulierspoort,gate,"52.36705,4.893248"
en-RP-P-1905-451,Swygh Utrecht,military,"52.368196,4.895756"
en-RP-P-1905-452,Oosterkerk,church,"52.369982,4.919568"
en-RP-P-1905-453,Westerkerk,church,"52.374534,4.88397"
en-RP-P-1905-454,Westerkerk,church,"52.374534,4.88397"
en-RP-P-1905-455,Westerkerk,church,"52.374534,4.88397"
en-RP-P-1905-456,Zuiderkerk,church,"52.370145,4.899846"
en-RP-P-1905-457,Zuiderkerk,church,"52.370145,4.899846"
en-RP-P-1905-458,Nieuwezijds Kapel,church,"52.370227,4.891862"
en-RP-P-1905-459,Nieuwezijds Kapel,church,"52.370227,4.891862"
en-RP-P-1905-460,Nieuwe Kerk,church,"52.373929,4.891801"
en-RP-P-1905-462,Nieuwe Kerk,church,"52.373929,4.891801"
en-RP-P-1905-463,Oude Kerk,church,"52.374367,4.898207"
en-RP-P-1905-464,Oude Kerk,church,"52.374367,4.898207"
en-RP-P-1905-465,Evangelisch-Luthers weeshuis,church,"52.36501,4.905559"
en-RP-P-1905-566,'s Lands Zeemagazijn,military,"52.371666,4.914826"
en-RP-P-1905-602,Dam,public,"52.372934,4.893193"
en-RP-P-1905-603,Nieuwe Kerk,church,"52.373929,4.891801"
en-RP-P-1905-605,Sint-Jorishof,hospital,"52.368056,4.891667"
en-RP-P-1905-606,Waalse Kerk,church,"52.371041,4.897241"
en-RP-P-1905-607,Waalse Kerk,church,"52.371041,4.897241"
en-RP-P-1905-851,Nieuwe Kerk,church,"52.373929,4.891801"
en-RP-P-1906-2691,Zuiderkerk,church,"52.370145,4.899846"
en-RP-P-1907-2681,Waag op de Dam,commerce,"52.372807,4.900298"
en-RP-P-1908-178,Portugese Synagoge,synagogue,"52.36763,4.904558"
en-RP-P-1908-490,Nieuwe Kerk,church,"52.373929,4.891801"
en-RP-P-1908-491,Nieuwe Kerk,church,"52.373929,4.891801"
en-RP-P-1910-4059,Swygh Utrecht,military,"52.368196,4.895756"
en-RP-P-1911-219,Oost-Indisch Zeemagazijn,commerce,"52.371133,4.898119"
en-RP-P-1911-2911,Koninklijk Paleis,state,"52.373152,4.89139"
en-RP-P-1911-2920,Oude Stadhuis,state,"52.373152,4.89139"
en-RP-P-1911-2996,Sint-Antoniespoort,gate,"52.372778,4.900278"
en-RP-P-1911-2997,Swygh Utrecht,military,"52.368196,4.895756"
en-RP-P-1911-2998,Beurs van Hendrik de Keyser,state,"52.375208,4.896101"
en-RP-P-1911-2999,Huiszitten-Weduwenhof,hospital,"52.378631,4.881675"
en-RP-P-1911-3000,Oudezijds Huiszittenhuis,hospital,"52.3675,4.903333"
en-RP-P-1911-3001,Regulierspoort,gate,"52.36705,4.893248"
en-RP-P-1911-3002,Haarlemmerpoort,gate,"52.384968,4.883071"
en-RP-P-1911-3003,Jan Roodenpoortstoren,gate,"52.374444,4.889722"
en-RP-P-1911-3004,Karthuizerklooster,church,"52.378303,4.883052"
en-RP-P-1911-3005,Leidsepoort,gate,"52.363428,4.882403"
en-RP-P-1911-3006,Reguliersklooster,church,"52.366618,4.894614"
en-RP-P-1911-3007,Utrechtsepoort,gate,"52.358775,4.899668"
en-RP-P-1911-3008,Sint-Antoniespoort,gate,"52.372778,4.900278"
en-RP-P-1911-3009,Hotel Het Rondeel,commerce,"52.3675,4.894444"
en-RP-P-1911-3010,Sint-Olofskapel,church,"52.376111,4.9"
en-RP-P-1911-3074,Westertoren,military,"52.374562,4.883512"
en-RP-P-1911-3132,Rasphuis,hospital,"52.3675,4.891389"
en-RP-P-1911-3133,Binnengasthuis,hospital,"52.368611,4.894722"
en-RP-P-1911-3319,Stadhuis op de Dam,state,"52.373152,4.89139"
en-RP-P-1911-3320,Stadhuis op de Dam,state,"52.373152,4.89139"
en-RP-P-1911-3321,Stadhuis op de Dam,state,"52.373152,4.89139"
en-RP-P-1911-3322,Stadhuis op de Dam,state,"52.373152,4.89139"
en-RP-P-1911-3323,Stadhuis op de Dam,state,"52.373152,4.89139"
en-RP-P-1911-3325,Stadhuis op de Dam,state,"52.373152,4.89139"
en-RP-P-1911-3326,Stadhuis op de Dam,state,"52.373152,4.89139"
en-RP-P-1911-3328,Stadhuis op de Dam,state,"52.373152,4.89139"
en-RP-P-1911-3329,Stadhuis op de Dam,state,"52.373152,4.89139"
en-RP-P-1911-3330,Stadhuis op de Dam,state,"52.373152,4.89139"
en-RP-P-1911-3331,Stadhuis op de Dam,state,"52.373152,4.89139"
en-RP-P-1911-3332,Stadhuis op de Dam,state,"52.373152,4.89139"
en-RP-P-1911-3334,Stadhuis op de Dam,state,"52.373152,4.89139"
en-RP-P-1911-3335,Stadhuis op de Dam,state,"52.373152,4.89139"
en-RP-P-1911-3336,Stadhuis op de Dam,state,"52.373152,4.89139"
en-RP-P-1911-3337,Stadhuis op de Dam,state,"52.373152,4.89139"
en-RP-P-1911-3342,Stadhuis op de Dam,state,"52.373152,4.89139"
en-RP-P-1911-3343,Stadhuis op de Dam,state,"52.373152,4.89139"
en-RP-P-1911-3344,Stadhuis op de Dam,state,"52.373152,4.89139"
en-RP-P-1911-3347,Stadhuis op de Dam,state,"52.373152,4.89139"
en-RP-P-1911-3348,Stadhuis op de Dam,state,"52.373152,4.89139"
en-RP-P-1911-3349,Stadhuis op de Dam,state,"52.373152,4.89139"
en-RP-P-1911-3350,Stadhuis op de Dam,state,"52.373152,4.89139"
en-RP-P-1911-3351,Stadhuis op de Dam,state,"52.373152,4.89139"
en-RP-P-1911-3354,Stadhuis op de Dam,state,"52.373152,4.89139"
en-RP-P-1911-3355,Stadhuis op de Dam,state,"52.373152,4.89139"
en-RP-P-1911-3356,Stadhuis op de Dam,state,"52.373152,4.89139"
en-RP-P-1911-3358,Stadhuis op de Dam,state,"52.373152,4.89139"
en-RP-P-1911-3359,Stadhuis op de Dam,state,"52.373152,4.89139"
en-RP-P-1911-3360,Stadhuis op de Dam,state,"52.373152,4.89139"
en-RP-P-1911-3380,Stadhuis op de Dam,state,"52.373152,4.89139"
en-RP-P-1911-3385,Stadhuis op de Dam,state,"52.373152,4.89139"
en-RP-P-1911-3386,Stadhuis op de Dam,state,"52.373152,4.89139"
en-RP-P-1911-3387,Stadhuis op de Dam,state,"52.373152,4.89139"
en-RP-P-1911-3392,Stadhuis op de Dam,state,"52.373152,4.89139"
en-RP-P-1911-3393,Stadhuis op de Dam,state,"52.373152,4.89139"
en-RP-P-1911-3404,Kloveniersdoelen,commerce,"52.368171,4.895716"
en-RP-P-1911-3405,Kloveniersdoelen,commerce,"52.368171,4.895716"
en-RP-P-1911-3407,Leprozenhuis,hospital,"52.36873663,4.902892172"
en-RP-P-1911-3408,Nieuwe Kerk,church,"52.373929,4.891801"
en-RP-P-1911-3409,Oude Stadhuis,state,"52.373152,4.89139"
en-RP-P-1911-3410,Oude Stadhuis,state,"52.373152,4.89139"
en-RP-P-1911-3411,Westerkerk,church,"52.374534,4.88397"
en-RP-P-1911-3412,Prins Hendrikkade,street,"52.374714,4.904453"
en-RP-P-1911-3414,Waalseilandgracht,canal,"52.37408,4.903168"
en-RP-P-1911-3446,Vleeshal,commerce,"52.371179,4.894828"
en-RP-P-1911-3448,Halvemaansbrug,bridge,"52.367385,4.895884"
en-RP-P-1911-3449,Weesperpoort,gate,"52.360756,4.908192"
en-RP-P-1911-3450,Montelbaanstoren,military,"52.372054,4.905616"
en-RP-P-1911-3451,'s Lands Zeemagazijn,military,"52.371666,4.914826"
en-RP-P-1911-3452,Oosterkerk,church,"52.369982,4.919568"
en-RP-P-1911-3453,'s Lands Zeemagazijn,military,"52.371666,4.914826"
en-RP-P-1911-3456,Muiderpoort,gate,"52.360925,4.931234"
en-RP-P-1911-3457,Rooms-Katholiek Jongensweeshuis,church,"52.370643,4.879956"
en-RP-P-1911-3462,Oudezijds Heerenlogement,military,"52.369051,4.894655"
en-RP-P-1911-3463,Munttoren,military,"52.36705,4.893248"
en-RP-P-1911-3534,Beurs van Hendrik de Keyser,state,"52.375208,4.896101"
en-RP-P-1911-3535,Kloveniersburgwal,commerce,"52.369923,4.898045"
en-RP-P-1911-3560,"Trippenhuis, het",hospital,"52.371331,4.899442"
en-RP-P-1911-3561,"Trippenhuis, het",hospital,"52.371331,4.899442"
en-RP-P-1911-3584,Nieuwe Brug,bridge,"52.376881,4.898897"
en-RP-P-1911-3617,"Trippenhuis, het",hospital,"52.371331,4.899442"
en-RP-P-1911-3618,"Trippenhuis, het",hospital,"52.371331,4.899442"
en-RP-P-1911-3619,"Trippenhuis, het",hospital,"52.371331,4.899442"
en-RP-P-1912-1133,Oude Kerk,church,"52.374367,4.898207"
en-RP-P-1912-1133X,Oudekerksplein,public,"52.373981,4.897922"
en-RP-P-1912-2295,Nieuwezijds Kapel,church,"52.370227,4.891862"
en-RP-P-1914-5020,Nieuwe Lutherse Kerk,church,"52.368243,4.889075"
en-RP-P-1916-270B,Dam,public,"52.372934,4.893193"
en-RP-P-1917-57,Kloveniersdoelen,commerce,"52.368171,4.895716"
en-RP-P-1921-311,Elandsgracht,canal,"52.369624,4.881069"
en-RP-P-1921-333(R),Nieuwe Lutherse Kerk,church,"52.368243,4.889075"
en-RP-P-1921-358,Stadhuis op de Dam,state,"52.373152,4.89139"
en-RP-P-1921-359,Portugese Synagoge,synagogue,"52.36763,4.904558"
en-RP-P-1921-442,Oude Stadhuis,state,"52.373152,4.89139"
en-RP-P-1921-443,Oude Stadhuis,state,"52.373152,4.89139"
en-RP-P-1921-508,Oude Stadhuis,state,"52.373152,4.89139"
en-RP-P-1921-513,Sint-Antoniespoort,gate,"52.372778,4.900278"
en-RP-P-1921-530,Stadhuis op de Dam,state,"52.373152,4.89139"
en-RP-P-1925-556,Oude Stadhuis,state,"52.373152,4.89139"
en-RP-P-1925-708,Rokin,street,"52.370741,4.892639"
en-RP-P-1926-225,Schouwburg Keizersgracht,street,"52.36928,4.884189"
en-RP-P-1926-226,Schouwburg Keizersgracht,street,"52.36928,4.884189"
en-RP-P-1926-227,Schouwburg Keizersgracht,street,"52.36928,4.884189"
en-RP-P-1926-228,Schouwburg Keizersgracht,street,"52.36928,4.884189"
en-RP-P-1926-245A,Dam,public,"52.372934,4.893193"
en-RP-P-1927-628,Swygh Utrecht,military,"52.368196,4.895756"
en-RP-P-1930-137,Zuiderkerk,church,"52.370145,4.899846"
en-RP-P-1935-315,Oude Stadhuis,state,"52.373152,4.89139"
en-RP-P-1935-463,Noorderkerk,church,"52.37977,4.886132"
en-RP-P-1936-312,Beurs van Hendrik de Keyser,state,"52.375208,4.896101"
en-RP-P-1936-313,Stadhuis op de Dam,state,"52.373152,4.89139"
en-RP-P-1936-313X,Nieuwe Kerk,church,"52.373929,4.891801"
en-RP-P-1936-314,Oude Kerk,church,"52.374367,4.898207"
en-RP-P-1936-315,Haringpakkerstoren,military,"52.379167,4.895278"
en-RP-P-1936-528,Leidsepoort,gate,"52.363428,4.882403"
en-RP-P-1936-529,Muiderpoort,gate,"52.360925,4.931234"
en-RP-P-1936-946,Lauriergracht,canal,"52.371178,4.879923"
en-RP-P-1937-1584,Nieuwe Kerk,church,"52.373929,4.891801"
en-RP-P-1937-1625,Nieuwe Kerk,church,"52.373929,4.891801"
en-RP-P-1937-2120,Oude Kerk,church,"52.374367,4.898207"
en-RP-P-1937-2166,Dam,public,"52.372934,4.893193"
en-RP-P-1937-444,Nieuwe Kerk,church,"52.373929,4.891801"
en-RP-P-1937-769,Oude Lutherse Kerk,church,"52.368056,4.889167"
en-RP-P-1938-1103,Prinsenhof,state,"52.370833,4.895556"
en-RP-P-1938-1155,Handboogdoelen,military,"52.367778,4.889444"
en-RP-P-1938-1156,Athenaeum Illustre,hospital,"52.369444,4.895556"
en-RP-P-1938-1158,Rasphuis,hospital,"52.3675,4.891389"
en-RP-P-1938-1160,Burgerweeshuis,hospital,"52.370422,4.890589"
en-RP-P-1938-1162,Oude Lutherse Kerk,church,"52.368056,4.889167"
en-RP-P-1938-1163,Nieuwezijds Huiszittenhuis,hospital,"52.376214,4.884759"
en-RP-P-1938-1164,Admiraliteitsmagazijn,military,"52.371694,4.914866"
en-RP-P-1938-1165,Stadsartilleriehuis,military,"52.383308,4.882956"
en-RP-P-1938-1225,Oudezijds Heerenlogement,military,"52.369051,4.894655"
en-RP-P-1938-2017,Stadhuis op de Dam,state,"52.373152,4.89139"
en-RP-P-1938-2074,Dam,public,"52.372934,4.893193"
en-RP-P-1939-868,Stadhuis op de Dam,state,"52.373152,4.89139"
en-RP-P-1939-869,Stadhuis op de Dam,state,"52.373152,4.89139"
en-RP-P-1939-937,Nieuwe Lutherse Kerk,church,"52.368243,4.889075"
en-RP-P-1944-1902,Dam,public,"52.372934,4.893193"
en-RP-P-1944-2275,Oude Stadhuis,state,"52.373152,4.89139"
en-RP-P-1944-237,Vlooienburg,island,"52.367016,4.901438"
en-RP-P-1944-239,Stadhuis op de Dam,state,"52.373152,4.89139"
en-RP-P-1944-240,Beurs van Hendrik de Keyser,state,"52.375208,4.896101"
en-RP-P-1944-241,Westertoren,military,"52.374562,4.883512"
en-RP-P-1944-638,Stadhuis op de Dam,state,"52.373152,4.89139"
en-RP-P-1949-224,Stadhuis op de Dam,state,"52.373152,4.89139"
en-RP-P-1960-465,Oude Schans,canal,"52.370162,4.902496"
en-RP-P-1962-71,"Omval, De",public,"52.336341,4.91903"
en-RP-P-1987-196,"Omval, De",public,"52.336341,4.91903"
en-RP-P-1998-670,Schouwburg Keizersgracht,street,"52.36928,4.884189"
en-RP-P-2009-769,Dam,public,"52.372934,4.893193"
en-RP-P-AO-1918-832,Oude Kerk,church,"52.374367,4.898207"
en-RP-P-AO-1920-444,Portugese Synagoge,synagogue,"52.36763,4.904558"
en-RP-P-AO-1920-445,Portugese Synagoge,synagogue,"52.36763,4.904558"
en-RP-P-AO-1920-446,Portugese Synagoge,synagogue,"52.36763,4.904558"
en-RP-P-AO-1925-545,Dam,public,"52.372934,4.893193"
en-RP-P-AO-1925-546-A,Dam,public,"52.372934,4.893193"
en-RP-P-AO-1925-546-B,Dam,public,"52.372934,4.893193"
en-RP-P-AO-1925-547-A,Dam,public,"52.372934,4.893193"
en-RP-P-AO-1925-547-B,Dam,public,"52.372934,4.893193"
en-RP-P-AO-1925-549,Nieuwe Kerk,church,"52.373929,4.891801"
en-RP-P-AO-1925-552-2,Oude Stadhuis,state,"52.373152,4.89139"
en-RP-P-AO-1925-554,Dam,public,"52.372934,4.893193"
en-RP-P-AO-1925-556-B,Dam,public,"52.372934,4.893193"
en-RP-P-AO-1925-558,Dam,public,"52.372934,4.893193"
en-RP-P-AO-1925-560,Oude Stadhuis,state,"52.373152,4.89139"
en-RP-P-AO-1925-564-B,Oude Stadhuis,state,"52.373152,4.89139"
en-RP-P-AO-1925-566,Oude Stadhuis,state,"52.373152,4.89139"
en-RP-P-AO-1925-567-A,Stadhuis op de Dam,state,"52.373152,4.89139"
en-RP-P-AO-1925-567-B,Dam,public,"52.372934,4.893193"
en-RP-P-AO-1925-569,Stadhuis op de Dam,state,"52.373152,4.89139"
en-RP-P-AO-1925-571,Stadhuis op de Dam,state,"52.373152,4.89139"
en-RP-P-AO-1925-573,Stadhuis op de Dam,state,"52.373152,4.89139"
en-RP-P-AO-1925-574,Stadhuis op de Dam,state,"52.373152,4.89139"
en-RP-P-AO-1925-575,Stadhuis op de Dam,state,"52.373152,4.89139"
en-RP-P-AO-1925-576,Stadhuis op de Dam,state,"52.373152,4.89139"
en-RP-P-AO-1925-577,Stadhuis op de Dam,state,"52.373152,4.89139"
en-RP-P-AO-1925-578,Stadhuis op de Dam,state,"52.373152,4.89139"
en-RP-P-AO-1925-579,Stadhuis op de Dam,state,"52.373152,4.89139"
en-RP-P-AO-1925-580,Stadhuis op de Dam,state,"52.373152,4.89139"
en-RP-P-AO-1925-581,Stadhuis op de Dam,state,"52.373152,4.89139"
en-RP-P-AO-1925-582,Stadhuis op de Dam,state,"52.373152,4.89139"
en-RP-P-AO-1925-583,Stadhuis op de Dam,state,"52.373152,4.89139"
en-RP-P-AO-1925-585,Stadhuis op de Dam,state,"52.373152,4.89139"
en-RP-P-AO-1925-586,Stadhuis op de Dam,state,"52.373152,4.89139"
en-RP-P-AO-1925-587,Stadhuis op de Dam,state,"52.373152,4.89139"
en-RP-P-AO-1925-588,Stadhuis op de Dam,state,"52.373152,4.89139"
en-RP-P-AO-1925-590,Stadhuis op de Dam,state,"52.373152,4.89139"
en-RP-P-AO-1925-592,Stadhuis op de Dam,state,"52.373152,4.89139"
en-RP-P-AO-1925-593,Stadhuis op de Dam,state,"52.373152,4.89139"
en-RP-P-AO-1925-594,Stadhuis op de Dam,state,"52.373152,4.89139"
en-RP-P-AO-1925-595,Oude Stadhuis,state,"52.373152,4.89139"
en-RP-P-AO-1925-597,Stadhuis op de Dam,state,"52.373152,4.89139"
en-RP-P-AO-1925-601,"Trippenhuis, het",hospital,"52.371331,4.899442"
en-RP-P-AO-1925-622,Nes,street,"52.370833,4.893333"
en-RP-P-AO-1925-626-A,Schouwburg Keizersgracht,street,"52.36928,4.884189"
en-RP-P-AO-1925-626-B,Schouwburg Keizersgracht,street,"52.36928,4.884189"
en-RP-P-AO-1925-627,Schouwburg Keizersgracht,street,"52.36928,4.884189"
en-RP-P-AO-1925-634,Kloveniersdoelen,commerce,"52.368171,4.895716"
en-RP-P-AO-1925-635-B,Handboogdoelen,military,"52.367778,4.889444"
en-RP-P-AO-1925-636,Hortus Botanicus,public,"52.366673,4.908342"
en-RP-P-AO-1925-640,Waag op de Botermarkt,commerce,"52.365832,4.896758"
en-RP-P-AO-1925-644,Dam,public,"52.372934,4.893193"
en-RP-P-AO-1925-706,Rokin,street,"52.370741,4.892639"
en-RP-P-AO-1925-710,Beurs van Hendrik de Keyser,state,"52.375208,4.896101"
en-RP-P-AO-1925-711,Beurs van Hendrik de Keyser,state,"52.375208,4.896101"
en-RP-P-AO-1925-715,Admiraliteitsmagazijn,military,"52.371694,4.914866"
en-RP-P-AO-1925-724,Waag op de Botermarkt,commerce,"52.365832,4.896758"
en-RP-P-AO-1925-731,Waag op de Nieuwmarkt,commerce,"52.372808,4.900157"
en-RP-P-AO-20-82,Montelbaanstoren,military,"52.372054,4.905616"
en-RP-P-AO-21-13-1,Stadhuis op de Dam,state,"52.373152,4.89139"
en-RP-P-AO-21-13-5,Stadhuis op de Dam,state,"52.373152,4.89139"
en-RP-P-AO-21-13,Oude Stadhuis,state,"52.373152,4.89139"
en-RP-P-AO-21-24,Dam,public,"52.372934,4.893193"
en-RP-P-AO-21-25,Dam,public,"52.372934,4.893193"
en-RP-P-AO-21-27,Dam,public,"52.372934,4.893193"
en-RP-P-AO-22-1-G,Stadhuis op de Dam,state,"52.373152,4.89139"
en-RP-P-AO-22-1-H,Stadhuis op de Dam,state,"52.373152,4.89139"
en-RP-P-AO-22-1-K(1),Stadhuis op de Dam,state,"52.373152,4.89139"
en-RP-P-AO-22-1-L(2),Stadhuis op de Dam,state,"52.373152,4.89139"
en-RP-P-AO-22-1-M(1),Stadhuis op de Dam,state,"52.373152,4.89139"
en-RP-P-AO-22-1-O(1),Stadhuis op de Dam,state,"52.373152,4.89139"
en-RP-P-AO-22-1-O(2),Stadhuis op de Dam,state,"52.373152,4.89139"
en-RP-P-AO-22-1-O(3),Stadhuis op de Dam,state,"52.373152,4.89139"
en-RP-P-AO-22-1-P(1),Stadhuis op de Dam,state,"52.373152,4.89139"
en-RP-P-AO-22-1-P(2),Stadhuis op de Dam,state,"52.373152,4.89139"
en-RP-P-AO-22-1-P(3),Stadhuis op de Dam,state,"52.373152,4.89139"
en-RP-P-AO-22-1-P(4),Stadhuis op de Dam,state,"52.373152,4.89139"
en-RP-P-AO-22-1-Q(2),Stadhuis op de Dam,state,"52.373152,4.89139"
en-RP-P-AO-22-1-Q(3),Stadhuis op de Dam,state,"52.373152,4.89139"
en-RP-P-AO-22-1-Q(4),Stadhuis op de Dam,state,"52.373152,4.89139"
en-RP-P-AO-22-1-R(1),Stadhuis op de Dam,state,"52.373152,4.89139"
en-RP-P-AO-22-1-R(4),Stadhuis op de Dam,state,"52.373152,4.89139"
en-RP-P-AO-22-1-R(5),Stadhuis op de Dam,state,"52.373152,4.89139"
en-RP-P-AO-22-1-S(1),Stadhuis op de Dam,state,"52.373152,4.89139"
en-RP-P-AO-22-1-S(2),Stadhuis op de Dam,state,"52.373152,4.89139"
en-RP-P-AO-22-1-S(4),Stadhuis op de Dam,state,"52.373152,4.89139"
en-RP-P-AO-22-1-T(1),Stadhuis op de Dam,state,"52.373152,4.89139"
en-RP-P-AO-22-1A,Stadhuis op de Dam,state,"52.373152,4.89139"
en-RP-P-AO-22-2-A,Stadhuis op de Dam,state,"52.373152,4.89139"
en-RP-P-AO-22-2-B,Stadhuis op de Dam,state,"52.373152,4.89139"
en-RP-P-AO-22-2-C(1),Stadhuis op de Dam,state,"52.373152,4.89139"
en-RP-P-AO-22-2-C(2),Stadhuis op de Dam,state,"52.373152,4.89139"
en-RP-P-AO-22-2-C(3),Stadhuis op de Dam,state,"52.373152,4.89139"
en-RP-P-AO-22-2-C(4),Stadhuis op de Dam,state,"52.373152,4.89139"
en-RP-P-AO-22-2-D(1),Stadhuis op de Dam,state,"52.373152,4.89139"
en-RP-P-AO-22-2-D(2),Stadhuis op de Dam,state,"52.373152,4.89139"
en-RP-P-AO-22-2-D(3),Stadhuis op de Dam,state,"52.373152,4.89139"
en-RP-P-AO-22-2-E(1),Stadhuis op de Dam,state,"52.373152,4.89139"
en-RP-P-AO-22-2-E(2),Stadhuis op de Dam,state,"52.373152,4.89139"
en-RP-P-AO-22-2-E(3),Stadhuis op de Dam,state,"52.373152,4.89139"
en-RP-P-AO-22-2-E(4),Stadhuis op de Dam,state,"52.373152,4.89139"
en-RP-P-AO-22-2-F(1),Stadhuis op de Dam,state,"52.373152,4.89139"
en-RP-P-AO-22-2-F(2),Stadhuis op de Dam,state,"52.373152,4.89139"
en-RP-P-AO-22-2-F(3),Stadhuis op de Dam,state,"52.373152,4.89139"
en-RP-P-AO-22-2-G,Stadhuis op de Dam,state,"52.373152,4.89139"
en-RP-P-AO-22-2-H,Stadhuis op de Dam,state,"52.373152,4.89139"
en-RP-P-AO-22-2-I,Stadhuis op de Dam,state,"52.373152,4.89139"
en-RP-P-AO-22-2-K,Stadhuis op de Dam,state,"52.373152,4.89139"
en-RP-P-AO-22-2-L,Stadhuis op de Dam,state,"52.373152,4.89139"
en-RP-P-AO-22-2-M,Stadhuis op de Dam,state,"52.373152,4.89139"
en-RP-P-AO-22-2-N,Stadhuis op de Dam,state,"52.373152,4.89139"
en-RP-P-AO-22-2-O(1),Stadhuis op de Dam,state,"52.373152,4.89139"
en-RP-P-AO-22-2-O(2),Stadhuis op de Dam,state,"52.373152,4.89139"
en-RP-P-AO-22-2-O(4),Stadhuis op de Dam,state,"52.373152,4.89139"
en-RP-P-AO-22-2-O(5),Stadhuis op de Dam,state,"52.373152,4.89139"
en-RP-P-AO-22-2-O(6),Stadhuis op de Dam,state,"52.373152,4.89139"
en-RP-P-AO-22-2-O(7),Stadhuis op de Dam,state,"52.373152,4.89139"
en-RP-P-AO-22-2-Q,Stadhuis op de Dam,state,"52.373152,4.89139"
en-RP-P-AO-22-2-R,Stadhuis op de Dam,state,"52.373152,4.89139"
en-RP-P-AO-22-2-S,Stadhuis op de Dam,state,"52.373152,4.89139"
en-RP-P-AO-22-2-T(1),Stadhuis op de Dam,state,"52.373152,4.89139"
en-RP-P-AO-22-2-T(2),Stadhuis op de Dam,state,"52.373152,4.89139"
en-RP-P-AO-22-2-T(3),Stadhuis op de Dam,state,"52.373152,4.89139"
en-RP-P-AO-22-2-V(1),Stadhuis op de Dam,state,"52.373152,4.89139"
en-RP-P-AO-22-2-V(2),Stadhuis op de Dam,state,"52.373152,4.89139"
en-RP-P-AO-22-2-W(1),Stadhuis op de Dam,state,"52.373152,4.89139"
en-RP-P-AO-22-2-W(2),Stadhuis op de Dam,state,"52.373152,4.89139"
en-RP-P-AO-22-2-X(1),Stadhuis op de Dam,state,"52.373152,4.89139"
en-RP-P-AO-22-2-X(2),Stadhuis op de Dam,state,"52.373152,4.89139"
en-RP-P-AO-22-2-X(3),Stadhuis op de Dam,state,"52.373152,4.89139"
en-RP-P-AO-22-2,Stadhuis op de Dam,state,"52.373152,4.89139"
en-RP-P-AO-22-5,Stadhuis op de Dam,state,"52.373152,4.89139"
en-RP-P-AO-23-14,Nieuwe Kerk,church,"52.373929,4.891801"
en-RP-P-AO-23-15,Nieuwe Kerk,church,"52.373929,4.891801"
en-RP-P-AO-23-2-A,Oude Kerk,church,"52.374367,4.898207"
en-RP-P-AO-23-2,Oude Kerk,church,"52.374367,4.898207"
en-RP-P-AO-23-20-A,Nieuwe Kerk,church,"52.373929,4.891801"
en-RP-P-AO-23-24,Nieuwe Kerk,church,"52.373929,4.891801"
en-RP-P-AO-23-25,Nieuwe Kerk,church,"52.373929,4.891801"
en-RP-P-AO-23-38,Zuiderkerk,church,"52.370145,4.899846"
en-RP-P-AO-23-64,Waalse Kerk,church,"52.371041,4.897241"
en-RP-P-AO-23-65,Waalse Kerk,church,"52.371041,4.897241"
en-RP-P-AO-23-66,Waalse Kerk,church,"52.371041,4.897241"
en-RP-P-AO-23-70,Waalse Kerk,church,"52.371041,4.897241"
en-RP-P-AO-24-28,Portugese Synagoge,synagogue,"52.36763,4.904558"
en-RP-P-AO-24-29,Portugese Synagoge,synagogue,"52.36763,4.904558"
en-RP-P-AO-24-30-2,Portugese Synagoge,synagogue,"52.36763,4.904558"
en-RP-P-AO-24-31-1,Portugese Synagoge,synagogue,"52.36763,4.904558"
en-RP-P-AO-24-4,Nieuwe Lutherse Kerk,church,"52.368243,4.889075"
en-RP-P-AO-24-45B,Portugese Synagoge,synagogue,"52.36763,4.904558"
en-RP-P-AO-24-6,Nieuwe Lutherse Kerk,church,"52.368243,4.889075"
en-RP-P-AO-25-14,Dam,public,"52.372934,4.893193"
en-RP-P-AO-25-15-A,Dam,public,"52.372934,4.893193"
en-RP-P-AO-25-71-2,Weesperveld,hospital,"52.365275,4.909114"
en-RP-P-AO-27-2-4,Sint-Antoniespoort,gate,"52.372778,4.900278"
en-RP-P-AO-27-35-2,Geldersekade,street,"52.37362,4.90135"
en-RP-P-AO-27-4-1,Regulierspoort,gate,"52.36705,4.893248"
en-RP-P-AO-28-12-1,Oude Stadhuis,state,"52.373152,4.89139"
en-RP-P-AO-28-12-2,Oude Stadhuis,state,"52.373152,4.89139"
en-RP-P-AO-28-12-3,Oude Stadhuis,state,"52.373152,4.89139"
en-RP-P-AO-28-14,Oude Stadhuis,state,"52.373152,4.89139"
en-RP-P-AO-28-15-1,Oude Stadhuis,state,"52.373152,4.89139"
en-RP-P-AO-28-15-2,Dam,public,"52.372934,4.893193"
en-RP-P-AO-28-15,Dam,public,"52.372934,4.893193"
en-RP-P-AO-28-26,Dam,public,"52.372934,4.893193"
en-RP-P-AO-28-30,Rokin,street,"52.370741,4.892639"
en-RP-P-AO-28-31,Rokin,street,"52.370741,4.892639"
en-RP-P-AO-28-34,Dam,public,"52.372934,4.893193"
en-RP-P-AO-28-38B-A,Stadhuis op de Dam,state,"52.373152,4.89139"
en-RP-P-AO-28-52,Waag op de Dam,commerce,"52.372807,4.900298"
en-RP-P-AO-28-55,Kloveniersdoelen,commerce,"52.368171,4.895716"
en-RP-P-AO-28-60,Swygh Utrecht,military,"52.368196,4.895756"
en-RP-P-AO-28-64,Dam,public,"52.372934,4.893193"
en-RP-P-AO-28-8-2,Oude Stadhuis,state,"52.373152,4.89139"
en-RP-P-BI-1858,Blauwbrug,bridge,"52.366547,4.901774"
en-RP-P-BI-1860,Sint-Antoniespoort,gate,"52.372778,4.900278"
en-RP-P-BI-5333,Noorderkerk,church,"52.37977,4.886132"
en-RP-P-BI-6182B,Oude Stadhuis,state,"52.373152,4.89139"
en-RP-P-OB-102.062,Oost-Indisch Huis,commerce,"52.371133,4.898119"
en-RP-P-OB-103.321,Oude Kerk,church,"52.374367,4.898207"
en-RP-P-OB-103.412,Schouwburg Keizersgracht,street,"52.36928,4.884189"
en-RP-P-OB-103.413,Schouwburg Keizersgracht,street,"52.36928,4.884189"
en-RP-P-OB-103.414,Schouwburg Keizersgracht,street,"52.36928,4.884189"
en-RP-P-OB-103.415,Schouwburg Keizersgracht,street,"52.36928,4.884189"
en-RP-P-OB-103.417,Schouwburg Keizersgracht,street,"52.36928,4.884189"
en-RP-P-OB-103.419,Schouwburg Keizersgracht,street,"52.36928,4.884189"
en-RP-P-OB-103.459,Elandsgracht,canal,"52.369624,4.881069"
en-RP-P-OB-103.724,Nieuwe Kerk,church,"52.373929,4.891801"
en-RP-P-OB-103.738,Oude Kerk,church,"52.374367,4.898207"
en-RP-P-OB-103.785,Oude Kerk,church,"52.374367,4.898207"
en-RP-P-OB-12.997,Eenhoornsluis,canal,"52.381414,4.889378"
en-RP-P-OB-12.998,Eenhoornsluis,canal,"52.381414,4.889378"
en-RP-P-OB-15.731,Nieuwe Kerk,church,"52.373929,4.891801"
en-RP-P-OB-16.305,Stadhuis op de Dam,state,"52.373152,4.89139"
en-RP-P-OB-20.504,Appelmarkt,commerce,"52.36992201,4.888488209"
en-RP-P-OB-20.505,Appelmarkt,commerce,"52.36992201,4.888488209"
en-RP-P-OB-20.522,Haringpakkerstoren,military,"52.379167,4.895278"
en-RP-P-OB-20.527,Bickerseiland,island,"52.3857,4.886964"
en-RP-P-OB-20.530,Haringpakkerstoren,military,"52.379167,4.895278"
en-RP-P-OB-20.579,Regulierspoort,gate,"52.36705,4.893248"
en-RP-P-OB-20.581,Haarlemmerpoort,gate,"52.384968,4.883071"
en-RP-P-OB-20.582,Raampoort,gate,"52.373889,4.875278"
en-RP-P-OB-20.584,Heiligewegspoort,gate,"52.367372,4.889914"
en-RP-P-OB-23.684,Kloveniersdoelen,commerce,"52.368171,4.895716"
en-RP-P-OB-23.685,Kloveniersburgwal,commerce,"52.369923,4.898045"
en-RP-P-OB-2366,Nieuwe Kerk,church,"52.373929,4.891801"
en-RP-P-OB-24.006,Haarlemmerpoort,gate,"52.384968,4.883071"
en-RP-P-OB-24.014,Haarlemmerpoort,gate,"52.384968,4.883071"
en-RP-P-OB-2585,Beurs van Hendrik de Keyser,state,"52.375208,4.896101"
en-RP-P-OB-2591,Beurs van Hendrik de Keyser,state,"52.375208,4.896101"
en-RP-P-OB-2593A,Montelbaanstoren,military,"52.372054,4.905616"
en-RP-P-OB-2593C,Haringpakkerstoren,military,"52.379167,4.895278"
en-RP-P-OB-26.371,Oude Stadhuis,state,"52.373152,4.89139"
en-RP-P-OB-269,"Omval, De",public,"52.336341,4.91903"
en-RP-P-OB-270,"Omval, De",public,"52.336341,4.91903"
en-RP-P-OB-44.178,Dam,public,"52.372934,4.893193"
en-RP-P-OB-44.293,Oude Stadhuis,state,"52.373152,4.89139"
en-RP-P-OB-44.296,Oude Stadhuis,state,"52.373152,4.89139"
en-RP-P-OB-44.423,Oude Stadhuis,state,"52.373152,4.89139"
en-RP-P-OB-44.424,Oude Stadhuis,state,"52.373152,4.89139"
en-RP-P-OB-4576,Dam,public,"52.372934,4.893193"
en-RP-P-OB-46.457,"Omval, De",public,"52.336341,4.91903"
en-RP-P-OB-46.815,Schouwburg Keizersgracht,street,"52.36928,4.884189"
en-RP-P-OB-46.816,Schouwburg Keizersgracht,street,"52.36928,4.884189"
en-RP-P-OB-48.675,Burgerweeshuis,hospital,"52.370422,4.890589"
en-RP-P-OB-50.702,Sloten,street,"52.37977,4.886132"
en-RP-P-OB-50.703,Sloten,street,"52.37977,4.886132"
en-RP-P-OB-50.961,Oude Stadhuis,state,"52.373152,4.89139"
en-RP-P-OB-51.219,Portugese Synagoge,synagogue,"52.36763,4.904558"
en-RP-P-OB-51.700,Portugese Synagoge,synagogue,"52.36763,4.904558"
en-RP-P-OB-51.701,Hoogduitse Synagoge,synagogue,"52.367118,4.903815"
en-RP-P-OB-52.217,Oude Lutherse Kerk,church,"52.368056,4.889167"
en-RP-P-OB-52.833,Hortus Medicus,public,"52.36406257,4.898437683"
en-RP-P-OB-55.250,Nieuwe Kerk,church,"52.373929,4.891801"
en-RP-P-OB-55.389,Oude Stadhuis,state,"52.373152,4.89139"
en-RP-P-OB-59.590,Dam,public,"52.372934,4.893193"
en-RP-P-OB-61.287,Kloveniersdoelen,commerce,"52.368171,4.895716"
en-RP-P-OB-61.288(R),Oudezijds Heerenlogement,military,"52.369051,4.894655"
en-RP-P-OB-62.229,Beurs van Hendrik de Keyser,state,"52.375208,4.896101"
en-RP-P-OB-62.282,Beurs van Hendrik de Keyser,state,"52.375208,4.896101"
en-RP-P-OB-6402,Stadhuis op de Dam,state,"52.373152,4.89139"
en-RP-P-OB-65.229,Hoogduitse Synagoge,synagogue,"52.367118,4.903815"
en-RP-P-OB-6686,Rokin,street,"52.370741,4.892639"
en-RP-P-OB-67.360,Stadhuis op de Dam,state,"52.373152,4.89139"
en-RP-P-OB-67.487,Beurs van Hendrik de Keyser,state,"52.375208,4.896101"
en-RP-P-OB-67.714,Oude Kerk,church,"52.374367,4.898207"
en-RP-P-OB-67.742,Portugese Synagoge,synagogue,"52.36763,4.904558"
en-RP-P-OB-67.743A,Portugese Synagoge,synagogue,"52.36763,4.904558"
en-RP-P-OB-67.743B,Portugese Synagoge,synagogue,"52.36763,4.904558"
en-RP-P-OB-68.256,Dam,public,"52.372934,4.893193"
en-RP-P-OB-68.269,Dam,public,"52.372934,4.893193"
en-RP-P-OB-70.023,Nieuwe Lutherse Kerk,church,"52.368243,4.889075"
en-RP-P-OB-70.099,Schouwburg Keizersgracht,street,"52.36928,4.884189"
en-RP-P-OB-70.100,Schouwburg Keizersgracht,street,"52.36928,4.884189"
en-RP-P-OB-73.372,Blauwbrug,bridge,"52.366547,4.901774"
en-RP-P-OB-76.314,Kloveniersdoelen,commerce,"52.368171,4.895716"
en-RP-P-OB-76.322,Kloveniersdoelen,commerce,"52.368171,4.895716"
en-RP-P-OB-76.323,Kloveniersdoelen,commerce,"52.368171,4.895716"
en-RP-P-OB-76.450,Haarlemmerpoort,gate,"52.384968,4.883071"
en-RP-P-OB-76.460,Dam,public,"52.372934,4.893193"
en-RP-P-OB-76.462,Rokin,street,"52.370741,4.892639"
en-RP-P-OB-76.470,Rokin,street,"52.370741,4.892639"
en-RP-P-OB-76.471,Dam,public,"52.372934,4.893193"
en-RP-P-OB-76.472,Dam,public,"52.372934,4.893193"
en-RP-P-OB-76.489,Dam,public,"52.372934,4.893193"
en-RP-P-OB-76.602,Haarlemmerpoort,gate,"52.384968,4.883071"
en-RP-P-OB-76.603,Haarlemmerpoort,gate,"52.384968,4.883071"
en-RP-P-OB-76.638,Stadhuis op de Dam,state,"52.373152,4.89139"
en-RP-P-OB-76.639,Stadhuis op de Dam,state,"52.373152,4.89139"
en-RP-P-OB-76.640,Stadhuis op de Dam,state,"52.373152,4.89139"
en-RP-P-OB-77.005,Nieuwe Kerk,church,"52.373929,4.891801"
en-RP-P-OB-77.022,Schouwburg Keizersgracht,street,"52.36928,4.884189"
en-RP-P-OB-77.023,Schouwburg Keizersgracht,street,"52.36928,4.884189"
en-RP-P-OB-77.024,Schouwburg Keizersgracht,street,"52.36928,4.884189"
en-RP-P-OB-77.026,Schouwburg Keizersgracht,street,"52.36928,4.884189"
en-RP-P-OB-77.027,Schouwburg Keizersgracht,street,"52.36928,4.884189"
en-RP-P-OB-78.444,Oude Stadhuis,state,"52.373152,4.89139"
en-RP-P-OB-78.447,Oude Stadhuis,state,"52.373152,4.89139"
en-RP-P-OB-78.461,Dam,public,"52.372934,4.893193"
en-RP-P-OB-78.462,Dam,public,"52.372934,4.893193"
en-RP-P-OB-78.476,Reguliersklooster,church,"52.366618,4.894614"
en-RP-P-OB-78.481,Oude Stadhuis,state,"52.373152,4.89139"
en-RP-P-OB-78.482,Oude Stadhuis,state,"52.373152,4.89139"
en-RP-P-OB-78.487,Oude Stadhuis,state,"52.373152,4.89139"
en-RP-P-OB-78.488,Oude Stadhuis,state,"52.373152,4.89139"
en-RP-P-OB-78.489,Oude Stadhuis,state,"52.373152,4.89139"
en-RP-P-OB-78.493,Oude Stadhuis,state,"52.373152,4.89139"
en-RP-P-OB-78.501,Oude Stadhuis,state,"52.373152,4.89139"
en-RP-P-OB-78.502(R),Oude Stadhuis,state,"52.373152,4.89139"
en-RP-P-OB-78.503(R),Oude Stadhuis,state,"52.373152,4.89139"
en-RP-P-OB-78.503(V),Oude Stadhuis,state,"52.373152,4.89139"
en-RP-P-OB-78.514,Dam,public,"52.372934,4.893193"
en-RP-P-OB-78.515,Oude Stadhuis,state,"52.373152,4.89139"
en-RP-P-OB-79.308B,Portugese Synagoge,synagogue,"52.36763,4.904558"
en-RP-P-OB-79.417,Schouwburg Keizersgracht,street,"52.36928,4.884189"
en-RP-P-OB-79.720,Haarlemmerpoort,gate,"52.384968,4.883071"
en-RP-P-OB-79.734,Dam,public,"52.372934,4.893193"
en-RP-P-OB-79.735,Dam,public,"52.372934,4.893193"
en-RP-P-OB-79.737,Dam,public,"52.372934,4.893193"
en-RP-P-OB-79.739,Haarlemmerpoort,gate,"52.384968,4.883071"
en-RP-P-OB-79.744,Dam,public,"52.372934,4.893193"
en-RP-P-OB-79.767,Dam,public,"52.372934,4.893193"
en-RP-P-OB-79.768,Dam,public,"52.372934,4.893193"
en-RP-P-OB-80.057,Oude Stadhuis,state,"52.373152,4.89139"
en-RP-P-OB-80.329,Prinsenhof,state,"52.370833,4.895556"
en-RP-P-OB-80.401A,Dolhuis,hospital,"52.362672,4.870578"
en-RP-P-OB-80.401B,Dolhuis,hospital,"52.362672,4.870578"
en-RP-P-OB-80.658,Dam,public,"52.372934,4.893193"
en-RP-P-OB-80.722,Oude Kerk,church,"52.374367,4.898207"
en-RP-P-OB-80.725,Oude Kerk,church,"52.374367,4.898207"
en-RP-P-OB-80.726,Oude Kerk,church,"52.374367,4.898207"
en-RP-P-OB-80.727,Oude Kerk,church,"52.374367,4.898207"
en-RP-P-OB-80.769,Beurs van Hendrik de Keyser,state,"52.375208,4.896101"
en-RP-P-OB-80.807,Beurs van Hendrik de Keyser,state,"52.375208,4.896101"
en-RP-P-OB-80.831,Regulierspoort,gate,"52.36705,4.893248"
en-RP-P-OB-81.077,Sint-Antoniespoort,gate,"52.372778,4.900278"
en-RP-P-OB-81.078,Sint-Antoniespoort,gate,"52.372778,4.900278"
en-RP-P-OB-81.303,Athenaeum Illustre,hospital,"52.369444,4.895556"
en-RP-P-OB-81.325,Nieuwe Kerk,church,"52.373929,4.891801"
en-RP-P-OB-81.422,Schouwburg Keizersgracht,street,"52.36928,4.884189"
en-RP-P-OB-81.423,Schouwburg Keizersgracht,street,"52.36928,4.884189"
en-RP-P-OB-81.424,Schouwburg Keizersgracht,street,"52.36928,4.884189"
en-RP-P-OB-81.549,Nieuwe Kerk,church,"52.373929,4.891801"
en-RP-P-OB-81.550,Nieuwe Kerk,church,"52.373929,4.891801"
en-RP-P-OB-81.595,Schouwburg Keizersgracht,street,"52.36928,4.884189"
en-RP-P-OB-81.695,Beurs van Hendrik de Keyser,state,"52.375208,4.896101"
en-RP-P-OB-81.700,Beurs van Hendrik de Keyser,state,"52.375208,4.896101"
en-RP-P-OB-81.740B,Oude Stadhuis,state,"52.373152,4.89139"
en-RP-P-OB-81.741,Oude Stadhuis,state,"52.373152,4.89139"
en-RP-P-OB-81.798,Nieuwe Kerk,church,"52.373929,4.891801"
en-RP-P-OB-82.103,Stadhuis op de Dam,state,"52.373152,4.89139"
en-RP-P-OB-82.105,Beurs van Hendrik de Keyser,state,"52.375208,4.896101"
en-RP-P-OB-82.106,Beurs van Hendrik de Keyser,state,"52.375208,4.896101"
en-RP-P-OB-82.110,Westertoren,military,"52.374562,4.883512"
en-RP-P-OB-82.270,Stadhuis op de Dam,state,"52.373152,4.89139"
en-RP-P-OB-82.356,Dam,public,"52.372934,4.893193"
en-RP-P-OB-82.468,Nieuwe Kerk,church,"52.373929,4.891801"
en-RP-P-OB-82.469,Nieuwe Kerk,church,"52.373929,4.891801"
en-RP-P-OB-82.471,Nieuwe Kerk,church,"52.373929,4.891801"
en-RP-P-OB-82.503,Nieuwe Kerk,church,"52.373929,4.891801"
en-RP-P-OB-82.508,Sloten,street,"52.37977,4.886132"
en-RP-P-OB-82.509A,Sloten,street,"52.37977,4.886132"
en-RP-P-OB-82.509B,Sloten,street,"52.37977,4.886132"
en-RP-P-OB-82.790,Dam,public,"52.372934,4.893193"
en-RP-P-OB-82.871,Stadhuis op de Dam,state,"52.373152,4.89139"
en-RP-P-OB-82.874,Stadhuis op de Dam,state,"52.373152,4.89139"
en-RP-P-OB-82.876,Stadhuis op de Dam,state,"52.373152,4.89139"
en-RP-P-OB-82.877,Stadhuis op de Dam,state,"52.373152,4.89139"
en-RP-P-OB-82.883,Waag op de Dam,commerce,"52.372807,4.900298"
en-RP-P-OB-83.036-54,Stadhuis op de Dam,state,"52.373152,4.89139"
en-RP-P-OB-83.036-56,Westerkerk,church,"52.374534,4.88397"
en-RP-P-OB-83.036-57,Nieuwe Kerk,church,"52.373929,4.891801"
en-RP-P-OB-83.036-58,Beurs van Hendrik de Keyser,state,"52.375208,4.896101"
en-RP-P-OB-83.504,Beurs van Hendrik de Keyser,state,"52.375208,4.896101"
en-RP-P-OB-83.509,Beurs van Hendrik de Keyser,state,"52.375208,4.896101"
en-RP-P-OB-83.613,Beurs van Hendrik de Keyser,state,"52.375208,4.896101"
en-RP-P-OB-83.614,Beurs van Hendrik de Keyser,state,"52.375208,4.896101"
en-RP-P-OB-83.615,Beurs van Hendrik de Keyser,state,"52.375208,4.896101"
en-RP-P-OB-83.634,Karthuizerklooster,church,"52.378303,4.883052"
en-RP-P-OB-83.666,Nieuwe Kerk,church,"52.373929,4.891801"
en-RP-P-OB-83.667,Nieuwe Kerk,church,"52.373929,4.891801"
en-RP-P-OB-83.678,Theatrum Anatomicum,hospital,"52.372778,4.900278"
en-RP-P-OB-83.679,Theatrum Anatomicum,hospital,"52.372778,4.900278"
en-RP-P-OB-83.680,Theatrum Anatomicum,hospital,"52.372778,4.900278"
en-RP-P-OB-83.727,Schouwburg Keizersgracht,street,"52.36928,4.884189"
en-RP-P-OB-83.872,Dam,public,"52.372934,4.893193"
en-RP-P-OB-83.873,Dam,public,"52.372934,4.893193"
en-RP-P-OB-84.018,Dam,public,"52.372934,4.893193"
en-RP-P-OB-84.022,Waag op de Dam,commerce,"52.372807,4.900298"
en-RP-P-OB-84.045,Stadhuis op de Dam,state,"52.373152,4.89139"
en-RP-P-OB-84.055,Schouwburg Keizersgracht,street,"52.36928,4.884189"
en-RP-P-OB-84.219,Schouwburg Keizersgracht,street,"52.36928,4.884189"
en-RP-P-OB-84.778,Schouwburg Keizersgracht,street,"52.36928,4.884189"
en-RP-P-OB-84.779,Schouwburg Keizersgracht,street,"52.36928,4.884189"
en-RP-P-OB-84.781,Schouwburg Keizersgracht,street,"52.36928,4.884189"
en-RP-P-OB-84.784,Schouwburg Keizersgracht,street,"52.36928,4.884189"
en-RP-P-OB-84.786,Schouwburg Keizersgracht,street,"52.36928,4.884189"
en-RP-P-OB-84.787,Schouwburg Keizersgracht,street,"52.36928,4.884189"
en-RP-P-OB-84.789,Schouwburg Keizersgracht,street,"52.36928,4.884189"
en-RP-P-OB-84.791,Schouwburg Keizersgracht,street,"52.36928,4.884189"
en-RP-P-OB-84.793,Schouwburg Keizersgracht,street,"52.36928,4.884189"
en-RP-P-OB-84.794,Schouwburg Keizersgracht,street,"52.36928,4.884189"
en-RP-P-OB-84.796,Schouwburg Keizersgracht,street,"52.36928,4.884189"
en-RP-P-OB-84.798,Schouwburg Keizersgracht,street,"52.36928,4.884189"
en-RP-P-OB-84.799,Schouwburg Keizersgracht,street,"52.36928,4.884189"
en-RP-P-OB-84.801,Schouwburg Keizersgracht,street,"52.36928,4.884189"
en-RP-P-OB-84.802,Schouwburg Keizersgracht,street,"52.36928,4.884189"
en-RP-P-OB-84.805,Schouwburg Keizersgracht,street,"52.36928,4.884189"
en-RP-P-OB-84.806,Schouwburg Keizersgracht,street,"52.36928,4.884189"
en-RP-P-OB-84.807,Schouwburg Keizersgracht,street,"52.36928,4.884189"
en-RP-P-OB-84.811,Schouwburg Keizersgracht,street,"52.36928,4.884189"
en-RP-P-OB-84.813,Schouwburg Keizersgracht,street,"52.36928,4.884189"
en-RP-T-00-1564,Koninklijk Paleis,state,"52.373152,4.89139"
en-RP-T-00-1571,Dam,public,"52.372934,4.893193"
en-RP-T-00-1572,Oude Stadhuis,state,"52.373152,4.89139"
en-RP-T-00-1573,Oude Kerk,church,"52.374367,4.898207"
en-RP-T-00-1577,Sint-Antoniespoort,gate,"52.372778,4.900278"
en-RP-T-00-318,Damrak,canal,"52.375292,4.895981"
en-RP-T-00-3662C,Dam,public,"52.372934,4.893193"
en-RP-T-00-392,Heiligewegspoort,gate,"52.367372,4.889914"
en-RP-T-00-396,Nieuwe Kerk,church,"52.373929,4.891801"
en-RP-T-00-412,Stadhuis op de Dam,state,"52.373152,4.89139"
en-RP-T-00-413,Stadhuis op de Dam,state,"52.373152,4.89139"
en-RP-T-00-732,Oude Nieuwstraat,street,"52.376528,4.892327"
en-RP-T-1879-A-10,Grimnessesluis,hospital,"52.369239,4.894118"
en-RP-T-1884-A-408,Binnenkant,street,"52.37374,4.904088"
en-RP-T-1888-A-1557,Montelbaanstoren,military,"52.372054,4.905616"
en-RP-T-1888-A-1559,Schreierstoren,military,"52.376415,4.90238"
en-RP-T-1893-A-2789,Spinhuis,hospital,"52.370556,4.896475"
en-RP-T-1895-A-3072,Leidsegracht,street,"52.366388,4.883311"
en-RP-T-1898-A-3513,'s Lands Zeemagazijn,military,"52.371666,4.914826"
en-RP-T-1899-A-4200,Prins Hendrikkade,street,"52.374714,4.904453"
en-RP-T-1899-A-4201,Nieuwezijds Kapel,church,"52.370227,4.891862"
en-RP-T-1899-A-4207,Elandsgracht,canal,"52.369624,4.881069"
en-RP-T-1899-A-4208,Vlooienburg,island,"52.367016,4.901438"
en-RP-T-1899-A-4210,Leidsegracht,street,"52.366388,4.883311"
en-RP-T-1899-A-4217,Zuiderkerk,church,"52.370145,4.899846"
en-RP-T-1906-17,Stadhuis op de Dam,state,"52.373152,4.89139"
en-RP-T-1906-18,Stadhuis op de Dam,state,"52.373152,4.89139"
en-RP-T-1921-84,Weteringpoort,gate,"52.359343,4.890955"
en-RP-T-1930-64,Nieuwezijds Voorburgwal,street,"52.373041,4.890718"
en-RP-T-1950-99(R),Molensteeg,street,"52.373571,4.899813"
en-RP-T-1960-118(R),Montelbaanstoren,military,"52.372054,4.905616"
en-RP-T-1967-76,Damrak,canal,"52.375292,4.895981"
en-SK-A-154,Nieuwezijds Voorburgwal,street,"52.373041,4.890718"
en-SK-A-1642,Nieuwe Kerk,church,"52.373929,4.891801"
en-SK-A-34,Stadhuis op de Dam,state,"52.373152,4.89139"
en-SK-A-4054,Oude Kerk,church,"52.374367,4.898207"
en-SK-A-4055,Oude Kerk,church,"52.374367,4.898207"
en-SK-A-689,Dam,public,"52.372934,4.893193"
en-SK-C-1409,Oude Stadhuis,state,"52.373152,4.89139"
en-SK-C-370,Kloveniersdoelen,commerce,"52.368171,4.895716"
en-SK-C-371,Kloveniersdoelen,commerce,"52.368171,4.895716"
en-SK-C-375,Geldersekade,street,"52.37362,4.90135"
en-SK-C-378,Voetboogdoelen,military,"52.367778,4.889444"
en-SK-C-381,Kloveniersdoelen,commerce,"52.368171,4.895716"
en-SK-C-393,Kloveniersdoelen,commerce,"52.368171,4.895716"
en-SK-C-4,Spinhuis,hospital,"52.370556,4.896475"
en-SK-C-87,Aalmoezeniersweeshuis,hospital,"52.365556,4.883056"
en-RP-P-OB-44.267,Oude Stadhuis,state,"52.373152,4.89139"
en-RP-P-OB-78.504,Oude Stadhuis,state,"52.373152,4.89139"
en-RP-P-OB-78.511,Dam,public,"52.372934,4.893193"
en-RP-P-OB-78.516,Oude Stadhuis,state,"52.373152,4.89139"
en-NG-VG-7-59,Hortus Medicus,public,"52.36406257,4.898437683"
en-NG-VG-7-61,Hortus Medicus,public,"52.36406257,4.898437683"
en-NG-VG-7-66,Hortus Medicus,public,"52.36406257,4.898437683"
en-RP-P-OB-84.783,Schouwburg Keizersgracht,street,"52.36928,4.884189"
en-RP-P-OB-84.790,Schouwburg Keizersgracht,street,"52.36928,4.884189"
en-RP-P-OB-84.795,Schouwburg Keizersgracht,street,"52.36928,4.884189"
en-RP-P-OB-84.803,Schouwburg Keizersgracht,street,"52.36928,4.884189"
en-RP-P-OB-84.808,Schouwburg Keizersgracht,street,"52.36928,4.884189"
en-RP-P-OB-84.810,Schouwburg Keizersgracht,street,"52.36928,4.884189"
en-RP-P-OB-79.736,Haarlemmerpoort,gate,"52.384968,4.883071"
en-RP-P-OB-79.743,Dam,public,"52.372934,4.893193"
en-RP-P-OB-81.421,Schouwburg Keizersgracht,street,"52.36928,4.884189"
en-RP-P-OB-81.426,Schouwburg Keizersgracht,street,"52.36928,4.884189"
en-SK-C-417,Leprozenhuis,hospital,"52.36873663,4.902892172"
en-RP-P-OB-24.013,Haarlemmerpoort,gate,"52.384968,4.883071"
en-RP-P-OB-103.698,Oude Stadhuis,state,"52.373152,4.89139"
en-RP-P-OB-2584,Oude Stadhuis,state,"52.373152,4.89139"
en-SK-A-46,"Trippenhuis, het",hospital,"52.371331,4.899442"
en-RP-P-OB-20.521,Haringpakkerstoren,military,"52.379167,4.895278"
en-RP-P-OB-20.526,Bickerseiland,island,"52.3857,4.886964"
en-RP-P-OB-20.533,Montelbaanstoren,military,"52.372054,4.905616"
en-RP-P-OB-20.540,Geldersekade,street,"52.37362,4.90135"
en-RP-P-AO-1925-635-A,Handboogdoelen,military,"52.367778,4.889444"
en-RP-P-OB-47.598,Dam,public,"52.372934,4.893193"
en-RP-T-1899-A-4218,Sint-Olofskapel,church,"52.376111,4.9"
en-RP-T-00-346,Oude Stadhuis,state,"52.373152,4.89139"
en-RP-P-AO-23-17-A,Dam,public,"52.372934,4.893193"
en-RP-T-1899-A-4225,Swygh Utrecht,military,"52.368196,4.895756"
en-RP-P-AO-22-1-I,Stadhuis op de Dam,state,"52.373152,4.89139"
en-RP-P-AO-22-1-K(5),Stadhuis op de Dam,state,"52.373152,4.89139"
en-RP-P-AO-22-1-L(1),Stadhuis op de Dam,state,"52.373152,4.89139"
en-RP-P-AO-22-1-M(2),Stadhuis op de Dam,state,"52.373152,4.89139"
en-RP-P-AO-22-1-O(4),Stadhuis op de Dam,state,"52.373152,4.89139"
en-RP-P-AO-22-1-Q(1),Stadhuis op de Dam,state,"52.373152,4.89139"
en-RP-P-AO-22-1-S(3),Stadhuis op de Dam,state,"52.373152,4.89139"
en-RP-T-1898-A-3945,Nieuwe Kerk,church,"52.373929,4.891801"
en-RP-T-1911-73,Waag op de Nieuwmarkt,commerce,"52.372808,4.900157"
en-RP-P-1888-A-12758,Oude Stadhuis,state,"52.373152,4.89139"
en-RP-T-1926-8,Nieuwe Kerk,church,"52.373929,4.891801"
en-NG-VG-1-2299,Maagdenhuis,hospital,"52.368611,4.89"
en-RP-P-OB-270A,"Omval, De",public,"52.336341,4.91903"
en-RP-T-00-733,Oude Nieuwstraat,street,"52.376528,4.892327"
en-RP-T-1899-A-4206,Stadhuis op de Dam,state,"52.373152,4.89139"
en-RP-P-AO-1925-661,Kloveniersdoelen,commerce,"52.368171,4.895716"
en-RP-P-AO-25-25-A,Kloveniersdoelen,commerce,"52.368171,4.895716"
en-RP-P-AO-1925-609,Oost-Indisch Huis,commerce,"52.371133,4.898119"
en-RP-P-1880-A-3846,West-Indisch Huis,commerce,"52.38,4.891889"
en-RP-P-1880-A-3841,Beurs van Hendrik de Keyser,state,"52.375208,4.896101"
en-RP-P-1911-3345,Stadhuis op de Dam,state,"52.373152,4.89139"
en-RP-P-1911-3352,Stadhuis op de Dam,state,"52.373152,4.89139"
en-RP-P-1911-3357,Stadhuis op de Dam,state,"52.373152,4.89139"
en-RP-P-1911-3388,Stadhuis op de Dam,state,"52.373152,4.89139"
en-RP-P-1911-3390,Stadhuis op de Dam,state,"52.373152,4.89139"
en-RP-P-1911-3383,Stadhuis op de Dam,state,"52.373152,4.89139"
en-RP-P-1911-3333,Stadhuis op de Dam,state,"52.373152,4.89139"
en-RP-P-OB-44.425,Oude Stadhuis,state,"52.373152,4.89139"
en-RP-P-OB-77.025,Schouwburg Keizersgracht,street,"52.36928,4.884189"
en-RP-P-AO-1925-552-1,Oude Stadhuis,state,"52.373152,4.89139"
en-RP-P-AO-1925-589,Stadhuis op de Dam,state,"52.373152,4.89139"
en-RP-P-AO-1925-591,Stadhuis op de Dam,state,"52.373152,4.89139"
en-RP-P-AO-1925-572,Stadhuis op de Dam,state,"52.373152,4.89139"
en-RP-P-AO-1925-584,Stadhuis op de Dam,state,"52.373152,4.89139"
en-RP-P-AO-22-2-O(3),Stadhuis op de Dam,state,"52.373152,4.89139"
en-RP-P-OB-82.104,Stadhuis op de Dam,state,"52.373152,4.89139"
en-RP-P-OB-82.109,Westertoren,military,"52.374562,4.883512"
en-RP-P-1904-1343,Stadhuis op de Dam,state,"52.373152,4.89139"
en-RP-P-1904-1348,Noorderkerk,church,"52.37977,4.886132"
en-RP-P-AO-28-8-1,Oude Stadhuis,state,"52.373152,4.89139"
en-RP-P-AO-28-11,Oude Stadhuis,state,"52.373152,4.89139"
en-RP-P-OB-78.500,Oude Stadhuis,state,"52.373152,4.89139"
en-RP-P-OB-2390X,Sloten,street,"52.37977,4.886132"
en-RP-P-OB-16.306,Stadhuis op de Dam,state,"52.373152,4.89139"
en-RP-P-1911-3353,Stadhuis op de Dam,state,"52.373152,4.89139"
en-RP-P-1911-3327,Stadhuis op de Dam,state,"52.373152,4.89139"
en-RP-P-1911-3389,Stadhuis op de Dam,state,"52.373152,4.89139"
en-RP-P-1911-3391,Stadhuis op de Dam,state,"52.373152,4.89139"
en-RP-P-1911-3384,Stadhuis op de Dam,state,"52.373152,4.89139"
en-RP-T-1887-A-1385,Haarlemmerpoort,gate,"52.384968,4.883071"
en-RP-P-1926-224,Schouwburg Keizersgracht,street,"52.36928,4.884189"
en-RP-P-1926-229,Schouwburg Keizersgracht,street,"52.36928,4.884189"
en-RP-T-00-335,Oudezijds Voorburgwal,street,"52.372215,4.896574"
en-RP-T-1949-490(R),Waag op de Nieuwmarkt,commerce,"52.372808,4.900157"
en-RP-P-OB-79.738,Dam,public,"52.372934,4.893193"
en-RP-P-OB-79.740,Dam,public,"52.372934,4.893193"
en-RP-P-OB-79.769,Dam,public,"52.372934,4.893193"
en-RP-P-OB-79.771,Dam,public,"52.372934,4.893193"
en-RP-P-1939-867,Stadhuis op de Dam,state,"52.373152,4.89139"
en-RP-P-OB-78.784-168,Dam,public,"52.372934,4.893193"
en-RP-P-1938-1154,Oude Stadsherberg,commerce,"52.378437,4.897102"
en-RP-P-1938-1161,Waalse Kerk,church,"52.371041,4.897241"
en-RP-P-OB-77.494,Kloveniersdoelen,commerce,"52.368171,4.895716"
en-BK-AM-22,Leprozenhuis,hospital,"52.36873663,4.902892172"
en-RP-P-OB-80.734,Schouwburg Keizersgracht,street,"52.36928,4.884189"
en-RP-P-OB-81.613,Schouwburg Keizersgracht,street,"52.36928,4.884189"
en-RP-P-1904-1347,Westerkerk,church,"52.374534,4.88397"
en-RP-P-OB-83.875,Hoogduitse Synagoge,synagogue,"52.367118,4.903815"
en-RP-P-OB-2593B,Schreierstoren,military,"52.376415,4.90238"
en-RP-P-AO-21-28,Dam,public,"52.372934,4.893193"
en-RP-P-AO-23-31,Nieuwezijds Kapel,church,"52.370227,4.891862"
en-RP-P-AO-23-43,Westerkerk,church,"52.374534,4.88397"
en-RP-P-AO-23-67,Waalse Kerk,church,"52.371041,4.897241"
en-RP-P-H-OB-857,Noorderkerk,church,"52.37977,4.886132"
en-RP-P-1926-245B,Dam,public,"52.372934,4.893193"
en-RP-P-1936-945,Oude Schans,canal,"52.370162,4.902496"
en-RP-P-1905-2857,Nieuwmarkt,public,"52.372239,4.899471"
en-RP-P-OB-59.351,Beurs van Hendrik de Keyser,state,"52.375208,4.896101"
en-RP-P-1882-A-6003,Nieuwe Regulierspoort,gate,"52.36705,4.893248"
en-RP-T-1949-491,Nieuwe Kerk,church,"52.373929,4.891801"
en-RP-T-1892-A-2511,Westertoren,military,"52.374562,4.883512"
en-SK-A-3738,Portugese Synagoge,synagogue,"52.36763,4.904558"
en-RP-T-1948-485,Dam,public,"52.372934,4.893193"
en-RP-P-1905-604,Waalse Kerk,church,"52.371041,4.897241"
en-RP-P-OB-81.740A,Oude Stadhuis,state,"52.373152,4.89139"
en-RP-P-OB-81.742,Oude Stadhuis,state,"52.373152,4.89139"
en-RP-P-BI-6182A,Oude Stadhuis,state,"52.373152,4.89139"
en-RP-P-AO-1925-568,Stadhuis op de Dam,state,"52.373152,4.89139"
en-RP-P-OB-84.782,Schouwburg Keizersgracht,street,"52.36928,4.884189"
en-RP-P-OB-83.726,Schouwburg Keizersgracht,street,"52.36928,4.884189"
en-RP-P-AO-24-31-2,Portugese Synagoge,synagogue,"52.36763,4.904558"
en-RP-P-AO-24-30-1,Portugese Synagoge,synagogue,"52.36763,4.904558"
en-RP-P-1960-459,Dam,public,"52.372934,4.893193"
en-RP-P-OB-103.416,Schouwburg Keizersgracht,street,"52.36928,4.884189"
en-RP-T-1962-113,Voetboogdoelen,military,"52.367778,4.889444"
en-RP-P-OB-73.368,Sloten,street,"52.37977,4.886132"
en-RP-P-1911-3406,Kloveniersdoelen,commerce,"52.368171,4.895716"
en-RP-P-1911-3413,Schreierstoren,military,"52.376415,4.90238"
en-RP-P-OB-77.030,Stadhuis op de Dam,state,"52.373152,4.89139"
en-RP-P-OB-82.859,Nieuwendijk,canal,"52.375885,4.895325"
en-RP-P-OB-44.427,Dam,public,"52.372934,4.893193"
en-RP-P-OB-60.542,Koninklijk Paleis,state,"52.373152,4.89139"
en-RP-P-AO-1925-641,Waag op de Nieuwmarkt,commerce,"52.372808,4.900157"
en-RP-P-1904-3685,Dam,public,"52.372934,4.893193"
en-RP-P-OB-55.249,Nieuwe Kerk,church,"52.373929,4.891801"
en-RP-T-1969-222,Swygh Utrecht,military,"52.368196,4.895756"
en-RP-P-1921-510,Blauwbrug,bridge,"52.366547,4.901774"
en-RP-P-OB-79.719,Haarlemmerpoort,gate,"52.384968,4.883071"
en-RP-P-OB-78.513,Oude Stadhuis,state,"52.373152,4.89139"
en-RP-P-OB-79.308A,Portugese Synagoge,synagogue,"52.36763,4.904558"
en-RP-P-1911-3454,Oost-Indisch Zeemagazijn,commerce,"52.371133,4.898119"
en-RP-P-1911-3459,Lijnbaansgracht,canal,"52.361689,4.887098"
en-RP-P-OB-61.288(V),Stadsartilleriehuis,military,"52.383308,4.882956"
en-RP-P-1911-3536,Oudezijds Voorburgwal,street,"52.372215,4.896574"
en-BI-B-FM-076-5,Beurs van Hendrik de Keyser,state,"52.375208,4.896101"
en-RP-P-OB-81.425,Schouwburg Keizersgracht,street,"52.36928,4.884189"
en-RP-P-1944-2227,Regulierspoort,gate,"52.36705,4.893248"
en-RP-P-OB-83.036-55,Oude Kerk,church,"52.374367,4.898207"
en-RP-P-1905-2859,Botermarkt,commerce,"52.366406,4.896418"
en-RP-P-1905-2861,Nieuwmarkt,public,"52.372239,4.899471"
en-RP-T-00-190,Haarlemmerpoort,gate,"52.384968,4.883071"
en-RP-P-OB-84.028,Kloveniersdoelen,commerce,"52.368171,4.895716"
en-BI-B-FM-035-9,Dam,public,"52.372934,4.893193"
en-BI-B-FM-076-9,Dam,public,"52.372934,4.893193"
en-BI-B-FM-077-9,Dam,public,"52.372934,4.893193"
en-NG-KOG-1494-1,Koninklijk Paleis,state,"52.373152,4.89139"
en-RP-P-1878-A-2314,Oude Kerk,church,"52.374367,4.898207"
en-RP-P-1878-A-647,Nieuwe Kerk,church,"52.373929,4.891801"
en-RP-P-1880-A-3843,Waag op de Dam,commerce,"52.372807,4.900298"
en-RP-P-1880-A-3844,Damrak,canal,"52.375292,4.895981"
en-RP-P-1884-A-7655,Waag op de Dam,commerce,"52.372807,4.900298"
en-RP-P-1885-A-8931,Nieuwe Kerk,church,"52.373929,4.891801"
en-RP-P-1891-A-16548,Schreierstoren,military,"52.376415,4.90238"
en-RP-P-1892-A-17491C,Waag op de Nieuwmarkt,commerce,"52.372808,4.900157"
en-RP-P-1892-A-17491D,Nieuwe Kerk,church,"52.373929,4.891801"
en-RP-P-1896-A-19368-401,Nieuwe Kerk,church,"52.373929,4.891801"
en-RP-P-1896-A-19368-55,Oude Stadhuis,state,"52.373152,4.89139"
en-RP-P-1905-288,Grote Synagoge,synagogue,"52.367222,4.903889"
en-RP-P-1905-3139,Oosterkerk,church,"52.369982,4.919568"
en-RP-P-1905-322,Oosterkerk,church,"52.369982,4.919568"
en-RP-P-1905-323,Oude Kerk,church,"52.374367,4.898207"
en-RP-P-1905-450,Munttoren,military,"52.36705,4.893248"
en-RP-P-1905-602,Stadhuis,state,"52.373056,4.891389"
en-RP-P-1907-2681,Nieuwe Kerk,church,"52.373929,4.891801"
en-RP-P-1908-178,Hoogduitse Synagoge,synagogue,"52.367118,4.903815"
en-RP-P-1911-219,Oosterkerk,church,"52.369982,4.919568"
en-RP-P-1911-2920,Dam,public,"52.372934,4.893193"
en-RP-P-1911-3001,Hotel Het Rondeel,commerce,"52.3675,4.894444"
en-RP-P-1911-3002,Haringpakkerstoren,military,"52.379167,4.895278"
en-RP-P-1911-3003,Korsjespoort,gate,"52.376983,4.892352"
en-RP-P-1911-3005,Heiligewegspoort,gate,"52.367372,4.889914"
en-RP-P-1911-3006,Weteringpoort,gate,"52.359343,4.890955"
en-RP-P-1911-3007,Regulierspoort,gate,"52.36705,4.893248"
en-RP-P-1911-3008,Hotel Het Rondeel,commerce,"52.3675,4.894444"
en-RP-P-1911-3009,Martelaarsgracht,canal,"52.377883,4.896535"
en-RP-P-1911-3010,Montelbaanstoren,military,"52.372054,4.905616"
en-RP-P-1911-3411,Westermarkt,public,"52.374816,4.884305"
en-RP-P-1911-3450,,canal,"52.371258,4.904352"
en-RP-P-1911-3451,Admiraliteitswerf,military,"52.371694,4.914866"
en-RP-P-1911-3452,'s Lands Zeemagazijn,military,"52.371666,4.914826"
en-RP-P-1911-3453,Oosterkerk,church,"52.369982,4.919568"
en-RP-P-1912-1133,Oudekerksplein,public,"52.373981,4.897922"
en-RP-P-1912-332X,Jan Roodenpoortstoren,gate,"52.374444,4.889722"
en-RP-P-1914-231,Portugese Synagoge,synagogue,"52.36763,4.904558"
en-RP-P-1916-270A,Haarlemmerpoort,gate,"52.384968,4.883071"
en-RP-P-1916-270B,Oude Stadhuis,state,"52.373152,4.89139"
en-RP-P-1921-311,Elandsstraat,street,"52.370329,4.880192"
en-RP-P-1921-312,Oude Schans,canal,"52.370162,4.902496"
en-RP-P-1921-333(R),Haringpakkerstoren,military,"52.379167,4.895278"
en-RP-P-1921-425,Hogesluis,canal,"52.360278,4.903889"
en-RP-P-1925-556,Waag op de Dam,commerce,"52.372807,4.900298"
en-RP-P-1936-312,Korenbeurs,commerce,"52.375,4.896389"
en-RP-P-1936-313X,Oosterkerk,church,"52.369982,4.919568"
en-RP-P-1936-314,Westerkerk,church,"52.374534,4.88397"
en-RP-P-1936-315,Montelbaanstoren,military,"52.372054,4.905616"
en-RP-P-1936-528,Raampoort,gate,"52.373889,4.875278"
en-RP-P-1936-529,Weesperpoort,gate,"52.360756,4.908192"
en-RP-P-1937-2166,Koninklijk Paleis,state,"52.373152,4.89139"
en-RP-P-1938-1103,West-Indisch Huis,commerce,"52.38,4.891889"
en-RP-P-1938-1155,Voetboogdoelen,military,"52.367778,4.889444"
en-RP-P-1938-1156,Schouwburg Keizersgracht,street,"52.36928,4.884189"
en-RP-P-1938-1158,Spinhuis,hospital,"52.370556,4.896475"
en-RP-P-1938-1160,Diaconieweeshuis,church,"52.36501,4.905559"
en-RP-P-1938-1162,Nieuwe Lutherse Kerk,church,"52.368243,4.889075"
en-RP-P-1938-1163,Oudezijds Huiszittenhuis,hospital,"52.3675,4.903333"
en-RP-P-1938-1164,,commerce,"52.368356,4.923667"
en-RP-P-1938-1712,Amsteldijk,public,"52.36321,4.902524"
en-RP-P-1938-2017,Nieuwe Kerk,church,"52.373929,4.891801"
en-RP-P-1938-2074,Oude Stadhuis,state,"52.373152,4.89139"
en-RP-P-1939-535,Oude Kerk,church,"52.374367,4.898207"
en-RP-P-1939-536,Nes,street,"52.370833,4.893333"
en-RP-P-1944-1902,Stadhuis op de Dam,state,"52.373152,4.89139"
en-RP-P-1944-234,Lauriergracht,canal,"52.371178,4.879923"
en-RP-P-1944-238,Looiersgracht,canal,"52.368424,4.880786"
en-RP-P-1944-239,Nieuwezijds Voorburgwal,street,"52.373041,4.890718"
en-RP-P-2009-769,Oude Stadhuis,state,"52.373152,4.89139"
en-RP-P-AO-1920-446,Hoogduitse Synagoge,synagogue,"52.367118,4.903815"
en-RP-P-AO-1925-545,Waag op de Dam,commerce,"52.372807,4.900298"
en-RP-P-AO-1925-546-A,Waag op de Dam,commerce,"52.372807,4.900298"
en-RP-P-AO-1925-546-B,Waag op de Dam,commerce,"52.372807,4.900298"
en-RP-P-AO-1925-547-A,Waag op de Dam,commerce,"52.372807,4.900298"
en-RP-P-AO-1925-547-B,Waag op de Dam,commerce,"52.372807,4.900298"
en-RP-P-AO-1925-549,Nieuwezijds Voorburgwal,street,"52.373041,4.890718"
en-RP-P-AO-1925-554,Stadhuis op de Dam,state,"52.373152,4.89139"
en-RP-P-AO-1925-558,Waag op de Dam,commerce,"52.372807,4.900298"
en-RP-P-AO-1925-560,Dam,public,"52.372934,4.893193"
en-RP-P-AO-1925-564-B,Dam,public,"52.372934,4.893193"
en-RP-P-AO-1925-567-A,Waag op de Dam,commerce,"52.372807,4.900298"
en-RP-P-AO-1925-567-B,Waag op de Dam,commerce,"52.372807,4.900298"
en-RP-P-AO-1925-601,Waag op de Nieuwmarkt,commerce,"52.372808,4.900157"
en-RP-P-AO-1925-610,Admiraliteit,military,"52.371103,4.895176"
en-RP-P-AO-1925-622,Vleeshal,commerce,"52.371179,4.894828"
en-RP-P-AO-1925-634,Swygh Utrecht,military,"52.368196,4.895756"
en-RP-P-AO-1925-635-B,Voetboogdoelen,military,"52.367778,4.889444"
en-RP-P-AO-1925-640,Rembrandtplein,public,"52.365832,4.896758"
en-RP-P-AO-1925-644,Waag op de Dam,commerce,"52.372807,4.900298"
en-RP-P-AO-1925-724,Rembrandtplein,public,"52.365832,4.896758"
en-RP-P-AO-1925-731,Nieuwmarkt,public,"52.372239,4.899471"
en-RP-P-AO-20-21,Nieuwe Kerk,church,"52.373929,4.891801"
en-RP-P-AO-21-24,Koninklijk Paleis,state,"52.373152,4.89139"
en-RP-P-AO-21-25,Stadhuis op de Dam,state,"52.373152,4.89139"
en-RP-P-AO-21-27,Waag op de Dam,commerce,"52.372807,4.900298"
en-RP-P-AO-23-15,Nieuwezijds Voorburgwal,street,"52.373041,4.890718"
en-RP-P-AO-23-17,Dam,public,"52.372934,4.893193"
en-RP-P-AO-23-2-A,Oudezijds Voorburgwal,street,"52.372215,4.896574"
en-RP-P-AO-25-14,Waag op de Dam,commerce,"52.372807,4.900298"
en-RP-P-AO-25-15-A,Damrak,canal,"52.375292,4.895981"
en-RP-P-AO-27-35-2,Schreierstoren,military,"52.376415,4.90238"
en-RP-P-AO-28-12-1,Dam,public,"52.372934,4.893193"
en-RP-P-AO-28-12-2,Dam,public,"52.372934,4.893193"
en-RP-P-AO-28-12-3,Dam,public,"52.372934,4.893193"
en-RP-P-AO-28-15-1,Dam,public,"52.372934,4.893193"
en-RP-P-AO-28-15-2,Oude Stadhuis,state,"52.373152,4.89139"
en-RP-P-AO-28-15,Oude Stadhuis,state,"52.373152,4.89139"
en-RP-P-AO-28-28,Oudezijds Voorburgwal,street,"52.372215,4.896574"
en-RP-P-AO-28-34,Oude Stadhuis,state,"52.373152,4.89139"
en-RP-P-AO-28-55,Kloveniersburgwal,commerce,"52.369923,4.898045"
en-RP-P-AO-28-56,Kloveniersdoelen,commerce,"52.368171,4.895716"
en-RP-P-AO-28-57,Admiraliteitswerf,military,"52.371694,4.914866"
en-RP-P-AO-28-61-1,Kloveniersburgwal,commerce,"52.369923,4.898045"
en-RP-P-AO-28-64,Koninklijk Paleis,state,"52.373152,4.89139"
en-RP-P-AO-28-8-2,Dam,public,"52.372934,4.893193"
en-RP-P-BI-1857,Blauwbrug,bridge,"52.366547,4.901774"
en-RP-P-OB-102.829,Leidsegracht,street,"52.366388,4.883311"
en-RP-P-OB-103.459,Elandsstraat,street,"52.370329,4.880192"
en-RP-P-OB-103.724,Stadhuis op de Dam,state,"52.373152,4.89139"
en-RP-P-OB-103.738,Zuiderkerk,church,"52.370145,4.899846"
en-RP-P-OB-103.785,Oudekerksplein,public,"52.373981,4.897922"
en-RP-P-OB-12.994,Waag op de Nieuwmarkt,commerce,"52.372808,4.900157"
en-RP-P-OB-12.996,Waag op de Nieuwmarkt,commerce,"52.372808,4.900157"
en-RP-P-OB-12.997,Brouwersgracht,canal,"52.380814,4.888334"
en-RP-P-OB-12.998,Brouwersgracht,canal,"52.380814,4.888334"
en-RP-P-OB-12.999,Noordermarkt,commerce,"52.379167,4.886111"
en-RP-P-OB-20.500,Noordermarkt,commerce,"52.379167,4.886111"
en-RP-P-OB-20.501,Torensluis,canal,"52.374444,4.889444"
en-RP-P-OB-23.684,Kloveniersburgwal,commerce,"52.369923,4.898045"
en-RP-P-OB-2365,Leidsegracht,street,"52.366388,4.883311"
en-RP-P-OB-2593C,Nieuwe Kerk,church,"52.373929,4.891801"
en-RP-P-OB-44.178,Nieuwe Kerk,church,"52.373929,4.891801"
en-RP-P-OB-44.293,Dam,public,"52.372934,4.893193"
en-RP-P-OB-44.296,Dam,public,"52.372934,4.893193"
en-RP-P-OB-44.424,Dam,public,"52.372934,4.893193"
en-RP-P-OB-4576,Koninklijk Paleis,state,"52.373152,4.89139"
en-RP-P-OB-52.217,Nieuwe Lutherse Kerk,church,"52.368243,4.889075"
en-RP-P-OB-55.390,Goudsbloemstraat,street,"52.380684,4.883924"
en-RP-P-OB-59.590,Stadhuis op de Dam,state,"52.373152,4.89139"
en-RP-P-OB-6686,Beurs van Hendrik de Keyser,state,"52.375208,4.896101"
en-RP-P-OB-76.316,Dam,public,"52.372934,4.893193"
en-RP-P-OB-76.317,Dam,public,"52.372934,4.893193"
en-RP-P-OB-76.318,Dam,public,"52.372934,4.893193"
en-RP-P-OB-76.322,Kloveniersburgwal,commerce,"52.369923,4.898045"
en-RP-P-OB-76.323,Kloveniersburgwal,commerce,"52.369923,4.898045"
en-RP-P-OB-76.459,Oudezijds Voorburgwal,street,"52.372215,4.896574"
en-RP-P-OB-76.471,Oude Stadhuis,state,"52.373152,4.89139"
en-RP-P-OB-76.472,Oude Stadhuis,state,"52.373152,4.89139"
en-RP-P-OB-76.638,Nieuwe Kerk,church,"52.373929,4.891801"
en-RP-P-OB-76.639,Nieuwe Kerk,church,"52.373929,4.891801"
en-RP-P-OB-76.640,Nieuwe Kerk,church,"52.373929,4.891801"
en-RP-P-OB-76.722,Damrak,canal,"52.375292,4.895981"
en-RP-P-OB-76.723,Damrak,canal,"52.375292,4.895981"
en-RP-P-OB-76.724,Dam,public,"52.372934,4.893193"
en-RP-P-OB-76.725,Dam,public,"52.372934,4.893193"
en-RP-P-OB-76.726,Dam,public,"52.372934,4.893193"
en-RP-P-OB-76.727,Dam,public,"52.372934,4.893193"
en-RP-P-OB-76.943,Nieuwe Kerk,church,"52.373929,4.891801"
en-RP-P-OB-77.521,Haringpakkerstoren,military,"52.379167,4.895278"
en-RP-P-OB-77.743,Oude Schans,canal,"52.370162,4.902496"
en-RP-P-OB-77.746,Goudsbloemstraat,street,"52.380684,4.883924"
en-RP-P-OB-78.444,Dam,public,"52.372934,4.893193"
en-RP-P-OB-78.447,Dam,public,"52.372934,4.893193"
en-RP-P-OB-78.461,Oude Stadhuis,state,"52.373152,4.89139"
en-RP-P-OB-78.462,Oude Stadhuis,state,"52.373152,4.89139"
en-RP-P-OB-78.481,Dam,public,"52.372934,4.893193"
en-RP-P-OB-78.482,Dam,public,"52.372934,4.893193"
en-RP-P-OB-78.487,Dam,public,"52.372934,4.893193"
en-RP-P-OB-78.488,Dam,public,"52.372934,4.893193"
en-RP-P-OB-78.489,Dam,public,"52.372934,4.893193"
en-RP-P-OB-78.493,Dam,public,"52.372934,4.893193"
en-RP-P-OB-78.501,Dam,public,"52.372934,4.893193"
en-RP-P-OB-78.502(R),Dam,public,"52.372934,4.893193"
en-RP-P-OB-78.503(R),Dam,public,"52.372934,4.893193"
en-RP-P-OB-78.503(V),Dam,public,"52.372934,4.893193"
en-RP-P-OB-78.515,Dam,public,"52.372934,4.893193"
en-RP-P-OB-78.784-167,Haarlemmerpoort,gate,"52.384968,4.883071"
en-RP-P-OB-79.370,Stadhuis op de Dam,state,"52.373152,4.89139"
en-RP-P-OB-79.499,Elandsgracht,canal,"52.369624,4.881069"
en-RP-P-OB-79.734,Oude Stadhuis,state,"52.373152,4.89139"
en-RP-P-OB-79.735,Oude Stadhuis,state,"52.373152,4.89139"
en-RP-P-OB-79.737,Oude Stadhuis,state,"52.373152,4.89139"
en-RP-P-OB-79.744,Oude Stadhuis,state,"52.373152,4.89139"
en-RP-P-OB-79.767,Oude Stadhuis,state,"52.373152,4.89139"
en-RP-P-OB-79.768,Oude Stadhuis,state,"52.373152,4.89139"
en-RP-P-OB-80.658,Oude Stadhuis,state,"52.373152,4.89139"
en-RP-P-OB-81.077,Nieuwmarkt,public,"52.372239,4.899471"
en-RP-P-OB-81.078,Nieuwmarkt,public,"52.372239,4.899471"
en-RP-P-OB-81.303,Oudezijds Voorburgwal,street,"52.372215,4.896574"
en-RP-P-OB-81.913,Dam,public,"52.372934,4.893193"
en-RP-P-OB-81.915,Nieuwe Kerk,church,"52.373929,4.891801"
en-RP-P-OB-82.081,Oude Stadhuis,state,"52.373152,4.89139"
en-RP-P-OB-82.082,Oude Schans,canal,"52.370162,4.902496"
en-RP-P-OB-82.083,Lauriergracht,canal,"52.371178,4.879923"
en-RP-P-OB-82.085,Binnenkant,street,"52.37374,4.904088"
en-RP-P-OB-82.086,Elandsgracht,canal,"52.369624,4.881069"
en-RP-P-OB-82.088,Oude Nieuwstraat,street,"52.376528,4.892327"
en-RP-P-OB-82.090,Looiersgracht,canal,"52.368424,4.880786"
en-RP-P-OB-82.092,Passeerdersgracht,canal,"52.367041,4.881052"
en-RP-P-OB-82.093,Leidsegracht,street,"52.366388,4.883311"
en-RP-P-OB-82.094,Vlooienburg,island,"52.367016,4.901438"
en-RP-P-OB-82.097,Leidsegracht,street,"52.366388,4.883311"
en-RP-P-OB-82.098,Leidsegracht,street,"52.366388,4.883311"
en-RP-P-OB-82.099,Bloedstraat,street,"52.372908,4.899264"
en-RP-P-OB-82.100,Oostindisch Zeemagazijn,commerce,"52.371133,4.898119"
en-RP-P-OB-82.101,Oostindisch Zeemagazijn,commerce,"52.371133,4.898119"
en-RP-P-OB-82.103,Nieuwezijds Voorburgwal,street,"52.373041,4.890718"
en-RP-P-OB-82.112,Lauriergracht,canal,"52.371178,4.879923"
en-RP-P-OB-82.270,Dam,public,"52.372934,4.893193"
en-RP-P-OB-82.356,Stadhuis op de Dam,state,"52.373152,4.89139"
en-RP-P-OB-82.506,Ronde Lutherse kerk,church,"52.377778,4.893611"
en-RP-P-OB-82.790,Stadhuis op de Dam,state,"52.373152,4.89139"
en-RP-P-OB-83.036-54,Waag op de Dam,commerce,"52.372807,4.900298"
en-RP-P-OB-83.511,Dam,public,"52.372934,4.893193"
en-RP-P-OB-83.872,Koninklijk Paleis,state,"52.373152,4.89139"
en-RP-P-OB-83.873,Koninklijk Paleis,state,"52.373152,4.89139"
en-RP-P-OB-84.018,Stadhuis op de Dam,state,"52.373152,4.89139"
en-RP-P-OB-84.022,Dam,public,"52.372934,4.893193"
en-RP-P-OB-84.031,Haarlemmerpoort,gate,"52.384968,4.883071"
en-RP-P-OB-84.033,Haarlemmerpoort,gate,"52.384968,4.883071"
en-RP-P-OB-84.223,Kloveniersburgwal,commerce,"52.369923,4.898045"
en-RP-T-00-1571,Oude Stadhuis,state,"52.373152,4.89139"
en-RP-T-00-1575,Regulierspoort,gate,"52.36705,4.893248"
en-RP-T-00-1577,Nieuwmarkt,public,"52.372239,4.899471"
en-RP-T-00-318,Dam,public,"52.372934,4.893193"
en-RP-T-00-3662C,Kalverstraat,street,"52.369524,4.89113"
en-RP-T-00-396,Stadhuis op de Dam,state,"52.373152,4.89139"
en-RP-T-1879-A-10,Osjessluis,canal,"52.367139,4.893408"
en-RP-T-1884-A-408,Oude Schans,canal,"52.370162,4.902496"
en-RP-T-1888-A-1557,Oude Schans,canal,"52.370162,4.902496"
en-RP-T-1899-A-4200,Zeerecht,canal,"52.378333,4.9"
en-RP-T-1899-A-4201,Heilige Stede,church,"52.368056,4.891944"
en-RP-T-1899-A-4207,Elandsstraat,street,"52.370329,4.880192"
en-RP-T-1899-A-4212,Vijzelstraat,street,"52.363808,4.892432"
en-RP-T-1960-118(R),Zuiderkerk,church,"52.370145,4.899846"
en-SK-A-1510,"Trippenhuis, het",hospital,"52.371331,4.899442"
en-SK-A-34,Nieuwe Kerk,church,"52.373929,4.891801"
en-SK-A-4054,Nieuwe Kerk,church,"52.373929,4.891801"
en-SK-A-4947,Stadhuis op de Dam,state,"52.373152,4.89139"
en-SK-A-689,Stadhuis op de Dam,state,"52.373152,4.89139"
en-SK-C-375,Recht Boomssloot,street,"52.372511,4.902873"
en-RP-P-OB-78.504,Dam,public,"52.372934,4.893193"
en-RP-P-OB-78.516,Dam,public,"52.372934,4.893193"
en-RP-P-OB-79.743,Oude Stadhuis,state,"52.373152,4.89139"
en-RP-P-OB-12.995,Waag op de Nieuwmarkt,commerce,"52.372808,4.900157"
en-RP-P-OB-20.502,Torensluis,canal,"52.374444,4.889444"
en-RP-P-OB-20.540,Schreierstoren,military,"52.376415,4.90238"
en-RP-P-AO-1925-635-A,Voetboogdoelen,military,"52.367778,4.889444"
en-RP-P-AO-23-17-A,Nieuwe Kerk,church,"52.373929,4.891801"
en-RP-T-1899-A-4206,Nieuwezijds Voorburgwal,street,"52.373041,4.890718"
en-RP-P-AO-1925-661,Swygh Utrecht,military,"52.368196,4.895756"
en-RP-P-AO-25-25-A,Swygh Utrecht,military,"52.368196,4.895756"
en-RP-P-AO-1925-609,Oude Hoogstraat,street,"52.371285,4.897747"
en-RP-P-OB-44.425,Dam,public,"52.372934,4.893193"
en-RP-P-OB-82.084,Lauriergracht,canal,"52.371178,4.879923"
en-RP-P-OB-82.089,Looiersgracht,canal,"52.368424,4.880786"
en-RP-P-OB-82.104,Nieuwezijds Voorburgwal,street,"52.373041,4.890718"
en-RP-P-OB-82.111,Oude Schans,canal,"52.370162,4.902496"
en-RP-P-1904-1343,Waag op de Dam,commerce,"52.372807,4.900298"
en-RP-P-AO-28-8-1,Dam,public,"52.372934,4.893193"
en-RP-P-AO-28-11,Dam,public,"52.372934,4.893193"
en-RP-P-OB-78.500,Dam,public,"52.372934,4.893193"
en-RP-T-1899-A-4199,Oude Stadhuis,state,"52.373152,4.89139"
en-RP-P-OB-79.738,Oude Stadhuis,state,"52.373152,4.89139"
en-RP-P-OB-79.740,Oude Stadhuis,state,"52.373152,4.89139"
en-RP-P-OB-79.769,Oude Stadhuis,state,"52.373152,4.89139"
en-RP-P-OB-79.771,Oude Stadhuis,state,"52.373152,4.89139"
en-RP-P-OB-77.742,Oude Stadhuis,state,"52.373152,4.89139"
en-RP-P-OB-77.747,Leidsegracht,street,"52.366388,4.883311"
en-RP-P-OB-78.784-168,Oude Stadhuis,state,"52.373152,4.89139"
en-RP-P-1938-1154,Nieuwe Stadsherberg,commerce,"52.377921,4.896768"
en-RP-P-1938-1161,Nieuwe Franse Kerk,church,"52.370833,4.897222"
en-RP-P-OB-80.823,,public,"52.368525,4.883486"
en-RP-P-AO-21-28,Stadhuis op de Dam,state,"52.373152,4.89139"
en-RP-P-AO-23-31,Heilige Stede,church,"52.368056,4.891944"
en-RP-P-OB-55.189,Stadhuis op de Dam,state,"52.373152,4.89139"
en-SK-C-367,Leprozenhuis,hospital,"52.36873663,4.902892172"
en-RP-T-00-159,Leidsegracht,street,"52.366388,4.883311"
en-RP-P-1911-3406,Zuiderkerk,church,"52.370145,4.899846"
en-RP-P-OB-44.427,Oude Stadhuis,state,"52.373152,4.89139"
en-RP-P-AO-1925-641,Nieuwmarkt,public,"52.372239,4.899471"
en-RP-P-1885-A-8933,Hogesluis,canal,"52.360278,4.903889"
en-RP-P-OB-78.513,Dam,public,"52.372934,4.893193"
en-RP-P-1911-3447,Jan Roodenpoortstoren,gate,"52.374444,4.889722"
en-RP-P-1921-363,Oosterkerk,church,"52.369982,4.919568"
en-RP-P-1921-310,Lauriergracht,canal,"52.371178,4.879923"
en-BI-B-FM-035-35,Muiderpoort,gate,"52.360925,4.931234"
en-BI-B-FM-076-36,Muiderpoort,gate,"52.360925,4.931234"
en-BI-B-FM-077-37,Muiderpoort,gate,"52.360925,4.931234"
en-BI-B-FM-090-220,Kloveniersburgwal,commerce,"52.369923,4.898045"
en-RP-P-1878-A-2314,Nieuwe Kerk,church,"52.373929,4.891801"
en-RP-P-1885-A-8931,Waag op de Dam,commerce,"52.372807,4.900298"
en-RP-P-1892-A-17491C,Zuiderkerk,church,"52.370145,4.899846"
en-RP-P-1892-A-17491D,Oudekerksplein,public,"52.373981,4.897922"
en-RP-P-1894-A-18354C,Waalse Kerk,church,"52.371041,4.897241"
en-RP-P-1903-A-24016,Amsteldijk,public,"52.36321,4.902524"
en-RP-P-1905-288,Nieuwe Synagoge,synagogue,"52.3669033,4.9036692"
en-RP-P-1905-3139,Oudezijdskapel,church,"52.37614,4.89995"
en-RP-P-1905-322,Nieuwe Vaart,canal,"52.369194,4.919073"
en-RP-P-1905-602,Waag op de Dam,commerce,"52.372807,4.900298"
en-RP-P-1907-2681,Koninklijk Paleis,state,"52.373152,4.89139"
en-RP-P-1908-178,Muidergracht,gate,"52.364167,4.913056"
en-RP-P-1910-4059,Kloveniersburgwal,commerce,"52.369923,4.898045"
en-RP-P-1914-231,Hoogduitse Synagoge,synagogue,"52.367118,4.903815"
en-RP-P-1927-628,Kloveniersburgwal,commerce,"52.369923,4.898045"
en-RP-P-1936-312,Waag op de Dam,commerce,"52.372807,4.900298"
en-RP-P-1936-313X,Oudezijdskapel,church,"52.37614,4.89995"
en-RP-P-1936-314,Noorderkerk,church,"52.37977,4.886132"
en-RP-P-1936-315,Jan Roodenpoortstoren,gate,"52.374444,4.889722"
en-RP-P-1936-529,Utrechtsepoort,gate,"52.358775,4.899668"
en-RP-P-1938-1103,Oost-Indisch Huis,commerce,"52.371133,4.898119"
en-RP-P-1938-1155,Oudezijds Heerenlogement,military,"52.369051,4.894655"
en-RP-P-1938-1156,Stadsbank van Lening,commerce,"52.370542,4.894416"
en-RP-P-1938-1157,Grote Vleeshal,commerce,"52.371364,4.89378"
en-RP-P-1938-1158,Werkhuis,hospital,"52.364698,4.91055"
en-RP-P-1938-1160,Walenweeshuis,hospital,"52.361929,4.891398"
en-RP-P-1938-1162,Hoogduitse Synagoge,synagogue,"52.367118,4.903815"
en-RP-P-1938-1163,Kartuizer Weduwenhof,church,"52.379021,4.882403"
en-RP-P-1938-1164,,military,"52.368356,4.923667"
en-RP-P-1938-1165,Nieuwezijds Voorburgwal,street,"52.373041,4.890718"
en-RP-P-1938-2017,Oude Kerk,church,"52.374367,4.898207"
en-RP-P-1944-1902,Waag op de Dam,commerce,"52.372807,4.900298"
en-RP-P-AO-1920-446,Muidergracht,gate,"52.364167,4.913056"
en-RP-P-AO-1925-545,Nieuwe Kerk,church,"52.373929,4.891801"
en-RP-P-AO-1925-546-A,Stadhuis op de Dam,state,"52.373152,4.89139"
en-RP-P-AO-1925-546-B,Nieuwe Kerk,church,"52.373929,4.891801"
en-RP-P-AO-1925-547-A,Nieuwe Kerk,church,"52.373929,4.891801"
en-RP-P-AO-1925-547-B,Stadhuis op de Dam,state,"52.373152,4.89139"
en-RP-P-AO-1925-549,Koninklijk Paleis,state,"52.373152,4.89139"
en-RP-P-AO-1925-554,Waag op de Dam,commerce,"52.372807,4.900298"
en-RP-P-AO-1925-567-A,Nieuwe Kerk,church,"52.373929,4.891801"
en-RP-P-AO-1925-567-B,Nieuwe Kerk,church,"52.373929,4.891801"
en-RP-P-AO-1925-601,Kloveniersburgwal,commerce,"52.369923,4.898045"
en-RP-P-AO-1925-635-B,Bushuis,hospital,"52.370613,4.898094"
en-RP-P-AO-1925-636,Muidergracht,gate,"52.364167,4.913056"
en-RP-P-AO-20-21,Oude Kerk,church,"52.374367,4.898207"
en-RP-P-AO-21-24,Waag op de Dam,commerce,"52.372807,4.900298"
en-RP-P-AO-21-25,Nieuwe Kerk,church,"52.373929,4.891801"
en-RP-P-AO-21-27,Stadhuis op de Dam,state,"52.373152,4.89139"
en-RP-P-AO-23-17,Nieuwe Kerk,church,"52.373929,4.891801"
en-RP-P-AO-23-65,Sint-Jorishof,hospital,"52.368056,4.891667"
en-RP-P-AO-25-15-A,Waag op de Dam,commerce,"52.372807,4.900298"
en-RP-P-AO-28-18-1,Swygh Utrecht,military,"52.368196,4.895756"
en-RP-P-AO-28-34,Waag op de Dam,commerce,"52.372807,4.900298"
en-RP-P-AO-28-60,Kloveniersburgwal,commerce,"52.369923,4.898045"
en-RP-P-OB-103.724,Dam,public,"52.372934,4.893193"
en-RP-P-OB-103.738,Montelbaanstoren,military,"52.372054,4.905616"
en-RP-P-OB-12.994,Nieuwmarkt,public,"52.372239,4.899471"
en-RP-P-OB-12.996,Nieuwmarkt,public,"52.372239,4.899471"
en-RP-P-OB-12.999,Noorderkerk,church,"52.37977,4.886132"
en-RP-P-OB-20.500,Noorderkerk,church,"52.37977,4.886132"
en-RP-P-OB-2593C,Oude Stadhuis,state,"52.373152,4.89139"
en-RP-P-OB-26.334,Admiraliteitswerf,military,"52.371694,4.914866"
en-RP-P-OB-44.426,Swygh Utrecht,military,"52.368196,4.895756"
en-RP-P-OB-4576,Waag op de Dam,commerce,"52.372807,4.900298"
en-RP-P-OB-52.217,Hoogduitse Synagoge,synagogue,"52.367118,4.903815"
en-RP-P-OB-59.590,Waag op de Dam,commerce,"52.372807,4.900298"
en-RP-P-OB-76.471,Waag op de Dam,commerce,"52.372807,4.900298"
en-RP-P-OB-76.472,Waag op de Dam,commerce,"52.372807,4.900298"
en-RP-P-OB-76.638,Waag op de Dam,commerce,"52.372807,4.900298"
en-RP-P-OB-76.639,Dam,public,"52.372934,4.893193"
en-RP-P-OB-76.640,Dam,public,"52.372934,4.893193"
en-RP-P-OB-76.943,Stadhuis op de Dam,state,"52.373152,4.89139"
en-RP-P-OB-79.370,Swygh Utrecht,military,"52.368196,4.895756"
en-RP-P-OB-79.499,Elandsstraat,street,"52.370329,4.880192"
en-RP-P-OB-80.658,Waag op de Nieuwmarkt,commerce,"52.372808,4.900157"
en-RP-P-OB-81.913,Nieuwe Kerk,church,"52.373929,4.891801"
en-RP-P-OB-81.915,Stadhuis op de Dam,state,"52.373152,4.89139"
en-RP-P-OB-82.086,Elandsstraat,street,"52.370329,4.880192"
en-RP-P-OB-82.100,Oostenburg,street,"52.370439,4.926208"
en-RP-P-OB-82.101,Oostenburg,street,"52.370439,4.926208"
en-RP-P-OB-82.356,Nieuwe Kerk,church,"52.373929,4.891801"
en-RP-P-OB-82.790,Nieuwe Kerk,church,"52.373929,4.891801"
en-RP-P-OB-83.036-54,Dam,public,"52.372934,4.893193"
en-RP-P-OB-83.554,Muiderpoort,gate,"52.360925,4.931234"
en-RP-P-OB-84.018,Waag op de Dam,commerce,"52.372807,4.900298"
en-RP-T-00-318,Stadhuis op de Dam,state,"52.373152,4.89139"
en-RP-T-00-3663,Muiderpoort,gate,"52.360925,4.931234"
en-RP-T-1884-A-408,Montelbaanstoren,military,"52.372054,4.905616"
en-RP-T-1899-A-4201,Rokin,street,"52.370741,4.892639"
en-SK-A-34,Waag op de Dam,commerce,"52.372807,4.900298"
en-SK-A-689,Waag op de Dam,commerce,"52.372807,4.900298"
en-SK-C-375,Kloveniersdoelen,commerce,"52.368171,4.895716"
en-RP-P-OB-12.995,Nieuwmarkt,public,"52.372239,4.899471"
en-RP-P-AO-1925-635-A,Bushuis,hospital,"52.370613,4.898094"
en-RP-P-1904-1343,Dam,public,"52.372934,4.893193"
en-RP-P-1880-A-4250,Sloten,street,"52.37977,4.886132"
en-RP-P-1892-A-17491A,Begijnhof,church,"52.369548,4.890077"
en-RP-P-1938-1154,Plantage Middenlaan,public,"52.365833,4.913056"
en-RP-P-1938-1161,Engelse Kerk,church,"52.369167,4.89"
en-RP-P-OB-2593B,Oude Kerk,church,"52.374367,4.898207"
en-RP-P-AO-21-28,Waag op de Dam,commerce,"52.372807,4.900298"
en-RP-P-AO-23-31,Kalverstraat,street,"52.369524,4.89113"
en-RP-P-OB-55.189,Swygh Utrecht,military,"52.368196,4.895756"
en-RP-P-1944-2345,Swygh Utrecht,military,"52.368196,4.895756"
en-RP-T-1930-60,Pauwentuin,commerce,"52.360825,4.903815"
en-RP-P-1905-3139,Nieuwezijds Kapel,church,"52.370227,4.891862"
en-RP-P-1936-312,Waag op de Nieuwmarkt,commerce,"52.372808,4.900157"
en-RP-P-1936-313X,Nieuwezijds Kapel,church,"52.370227,4.891862"
en-RP-P-1936-314,Zuiderkerk,church,"52.370145,4.899846"
en-RP-P-1936-315,Munttoren,military,"52.36705,4.893248"
en-RP-P-1936-528,Haarlemmerpoort,gate,"52.384968,4.883071"
en-RP-P-1936-529,Weteringpoort,gate,"52.359343,4.890955"
en-RP-P-1938-1103,Oost-Indisch Zeemagazijn,commerce,"52.371133,4.898119"
en-RP-P-1938-1155,Nieuwezijds Herenlogement,public,"52.38,4.891889"
en-RP-P-1938-1156,Kalverstraat,street,"52.369524,4.89113"
en-RP-P-1938-1157,Kleine Vleeshal,commerce,"52.371364,4.89378"
en-RP-P-1938-1158,Weteringpoort,gate,"52.359343,4.890955"
en-RP-P-1938-1160,Luthers Diaconessen Weeshuis,church,"52.36501,4.905559"
en-RP-P-1938-1162,Portugese Synagoge,synagogue,"52.36763,4.904558"
en-RP-P-1938-1163,Leprozenhuis,hospital,"52.36873663,4.902892172"
en-RP-P-1938-1164,,commerce,"52.368403,4.922628"
en-RP-P-AO-1925-545,Stadhuis op de Dam,state,"52.373152,4.89139"
en-RP-P-AO-1925-546-A,Nieuwe Kerk,church,"52.373929,4.891801"
en-RP-P-AO-1925-546-B,Stadhuis op de Dam,state,"52.373152,4.89139"
en-RP-P-AO-1925-547-A,Stadhuis op de Dam,state,"52.373152,4.89139"
en-RP-P-AO-1925-547-B,Nieuwe Kerk,church,"52.373929,4.891801"
en-RP-P-AO-1925-554,Nieuwe Kerk,church,"52.373929,4.891801"
en-RP-P-AO-1925-567-A,Dam,public,"52.372934,4.893193"
en-RP-P-AO-1925-567-B,Stadhuis op de Dam,state,"52.373152,4.89139"
en-RP-P-AO-1925-636,Plantage,public,"52.366824,4.912741"
en-RP-P-AO-21-25,Waag op de Dam,commerce,"52.372807,4.900298"
en-RP-P-OB-103.738,Haringpakkerstoren,military,"52.379167,4.895278"
en-RP-P-OB-12.999,Westertoren,military,"52.374562,4.883512"
en-RP-P-OB-20.500,Westertoren,military,"52.374562,4.883512"
en-RP-P-OB-52.217,Portugese Synagoge,synagogue,"52.36763,4.904558"
en-RP-P-OB-76.943,Dam,public,"52.372934,4.893193"
en-RP-P-OB-81.913,Stadhuis op de Dam,state,"52.373152,4.89139"
en-RP-P-OB-81.915,Dam,public,"52.372934,4.893193"
en-RP-P-OB-82.356,Waag op de Dam,commerce,"52.372807,4.900298"
en-RP-P-OB-82.790,Waag op de Dam,commerce,"52.372807,4.900298"
en-SK-A-689,Nieuwe Kerk,church,"52.373929,4.891801"
en-RP-P-1938-1154,Tolhuis,state,"52.382335,4.903345"
en-RP-P-OB-2593B,Zuiderkerk,church,"52.370145,4.899846"
en-RP-P-1905-3139,Eilandskerk,church,"52.384886,4.888766"
en-RP-P-1936-313X,Eilandskerk,church,"52.384886,4.888766"
en-RP-P-1938-1157,Westerhal,commerce,"52.374097,4.883993"
en-RP-P-1938-1158,Molen de Wetering,commerce,"52.3592,4.89093"
en-RP-P-1938-1160,Aalmoezeniersweeshuis,hospital,"52.365556,4.883056"
en-RP-P-1938-1163,Buitengasthuis,hospital,"52.362672,4.870578"
en-RP-P-OB-103.738,Oude Stadhuis,state,"52.373152,4.89139"
en-RP-P-1938-1157,Vleeshal op de Herenmarkt,commerce,"52.379712,4.89167"
en-RP-P-1938-1157,Joodse Vleeshal ,commerce,"52.36706,4.90325"
